:020000040000fa
:10000000f07f00205ded000025f8000029f80000d9
:1000100000000000000000000000000000000000e0
:100020000000000000000000000000009bc700006e
:1000300000000000000000009bc700009bc70000fc
:100040009bc700009bc700009bc700009bc7000028
:10005000d9d700009bc70000519800009bc7000043
:100060009bc700009bc70000b9990000559f000086
:100070009bc700009bc70000699900009bc7000058
:100080009bc700009bc70000d1d5000059d20000db
:100090009bc7000000000000000000009bc700009c
:1000a0009bc700009bc700009bc700009bc70000c8
:020000040000fa
:1000b000f8b5c046f8bc08bc9e467047f5ec000099
:1000c000f8b5c046f8bc08bc9e467047cdec0000b1
:020000040000fa
:1000d000acd100000100000024da000001000000a3
:020000040000fa
:1000e00070b582b06b469d1d2b0001224e2106008b
:1000f0000cf046f86b46dc1d01224d212300300038
:100100000cf03ef82a7821780020130703d403234b
:100110001340022b01d002b070bd0120c90841403c
:1001200001200840f7e7c046437802781b021343da
:100130005bba0b807047c04600b583b06b4607338f
:100140001970012276210cf05ff803b000bdc046a3
:10015000f0b5d64646464f46c0b582b06b46dd1d6b
:100160000123012298462b7076212b0007000cf00a
:100170004bf86b460400053301227a2138000bf05e
:10018000ffff6b460443063301227c2138000bf04d
:10019000f7ff002304432b7001222b007621380047
:1001a0000cf032f8434601ae0443337001223300b1
:1001b000112138000cf028f8044306d0200002b0ca
:1001c0001cbc90469946a246f0bdfa2080000bf078
:1001d00031fc434601222b7076212b0038000cf0b5
:1001e00013f86b468146053301227a2138000cf062
:1001f0000bf84b460343994601222b007621380029
:100200002c700cf001f84b46034399460122330051
:100210002d2138000bf0b4ff4b46102203439946c2
:10022000337892461a424ed038000bf071ff4346a5
:1002300001222b7076212b0038000bf0e5ff4b4696
:10024000034399466b46012206337c2138000bf0ac
:10025000dbff4b4603439946012233007b213800e4
:100260000bf08eff4b4606220343994633787b21e1
:1002700093430222134333700122330038000bf002
:10028000c3ff4b460343994601222b0076213800d9
:100290002c700bf0b9ff4c463300044301224c2173
:1002a00038000bf06dff5246337804431a401300b8
:1002b000064abb543b7e022b00d07fe7fb68380028
:1002c000984704437ae70c24644277e76808000003
:1002d00010b50b00012275210bf052ff10bdc04676
:1002e000f0b583b06b46dc1d23000f0001224d21c9
:1002f00006000bf045ff23780500002f0bd10822e4
:1003000093432370012223004d2130000bf07cff2a
:10031000284303b0f0bd08221343f2e7f0b5454689
:10032000de4657464e46e0b583b06b465e1d330051
:1003300001224e21040003270bf022ff3378050031
:1003400098461f40022f01d01b0755d50023994620
:1003500001ab9a4653460122522120000bf010ffb8
:1003600053461a780f2313406c4a0543a25c52216e
:100370001343524620001370534601220bf044fff2
:100380003300054301224e2120000bf0f9fe032229
:100390003378054393430222134333700122330021
:1003a0004e2120000bf030ff0543c8200bf042fb2c
:1003b000022f00d181e043461b0708d44b46c82bcf
:1003c00000d98ae000212000fff78aff0543544b43
:1003d000e358072b43d80022514be250002f03d1a2
:1003e000504be35c002b6fd1280003b03cbc90461f
:1003f0009946a246ab46f0bd06236b4499460122be
:10040000502120000bf0bcfe4b461a780f231340fe
:10041000013b05430e2b54d8434a9b009b589946f9
:1004200008212000fff75cff434605431b0700d06f
:100430008ee73c4b01aae35c9246002b52d1072386
:100440006b449b4601224c2120000bf099fe5b4639
:100450001a7810231340354a0543a3547ae76b46b4
:100460009e1d50213300012220000bf089fe0f2336
:10047000994632780543134098460e3b591e8b41ee
:1004800049460d338a431343413101223370200022
:1004900033000bf0b9fe0543c8200bf0cbfa4a46f7
:1004a0003378502193434246134333700122330083
:1004b00020000bf0a9fe05438de70022184be25007
:1004c00092e71b4b9946abe70bf0b0fa86231b0172
:1004d0009c4664442060616086e74846c8380bf05b
:1004e000a9fa6fe713005f21012220000bf048fefc
:1004f00053461a780323514613430b700d4b0543a3
:10050000e35c002b02d013231a430a7053460122e6
:100510005f2120000bf078fe054390e77208000091
:100520006c0800006a08000080ec00006808000009
:1005300000c4090069080000f0b54746ce4680b502
:1005400083b06b469d1d2b0001224e2104000bf051
:1005500017fe052203262b786a4407001e409046aa
:10056000022e4ed01b0738d04346012252212000d4
:100570000bf006fe43461a780f231340464a074302
:10058000a25c5221134342462000137043460122cd
:100590000bf03afe2b00074301224e2120000bf006
:1005a000effd03222b780743934313432b70012263
:1005b0002b004e2120000bf027fe0743c8200bf034
:1005c00039fa002e03d1354be35c002b3bd13800c8
:1005d00003b00cbc90469946f0bd304be35c002b59
:1005e0003ad107236b44994601224c2120000bf09d
:1005f000c7fd4b461a7810231340294a0743a354da
:10060000b2e71b07b0d407236b4498460122502160
:1006100020000bf0b5fd43461a780f231340013b31
:1006200007430e2b34d81f4a9b009b58984608213d
:100630002000fff755fe074340460bf0fbf905236a
:100640006b44984690e70bf0f1f986231b019c461a
:10065000644420606160bae713005f21012220003a
:100660000bf08efd43461a780323414613430b706b
:100670000d4b0743e35c002b02d013231a430a708f
:10068000434601225f2120000bf0befd0743a8e78f
:10069000064b9846cbe7c046740800006a08000085
:1006a0006808000080ec00006908000000c4090030
:1006b000f0b5ce4647466f4b80b5c418236883b06b
:1006c0000600013300d176e00bf0b0f922686368d0
:1006d000994252d9801a9941002900d1c2e06b4653
:1006e0009c1d230001224e2130000bf049fd0c25fa
:1006f00003232278804615401340022b60d06b46be
:100700005f1d130741d03b000122522130000bf046
:1007100037fd43460f22034398463b7852219343cb
:10072000554a3000b25c13433b7001223b000bf092
:100730006bfd47462300074301224e2130000bf09a
:100740001ffd0c2223780743934313432370012298
:1007500023004e2130000bf057fd0743c8200bf05b
:1007600069f9002d03d1454bf35c002b51d13800c2
:1007700003b00cbc90469946f0bd994245d0012487
:100780000025644200196941a4e73c4bf35c002b4f
:1007900047d1072301226b444c21300099460bf0ce
:1007a000effc4346034398464b461a781023134008
:1007b000334ab354a7e76368002b00d084e78ee781
:1007c0006b465f1d13079ed407236b449946012295
:1007d000502130000bf0d4fc4b461a780f234746cb
:1007e0001340013b07430e2b39d8264a9b009b58e8
:1007f000994608213000fff773fd074348460bf088
:1008000019f96b46b8465f1d7de7904200d961e754
:10081000b5e70bf00bf91c4b9c46664430607160e9
:10082000a5e73b0001225f2130000bf0a9fc434605
:100830000343984603233a7813433b70134bf35c0e
:10084000002b02d013231a433a703b0001225f2190
:1008500030000bf0d9fc43460343984699e70c4b14
:100860009946c6e70b4b984200d938e70a277f42e2
:100870007de7c04678080000750800006a0800009f
:100880006808000080ec00005808000069080000bb
:1008900000c40900f049020070b582b06b46dc1d4f
:1008a00023000122542106000bf06afc0222237867
:1008b0000500934313432370012223005421300089
:1008c0000bf0a2fc284302b070bdc04670b582b0e8
:1008d0006b46dc1d23000122542106000bf050fc66
:1008e00002222378050093432370013a2300542108
:1008f00030000bf089fc284302b070bdf0b583b026
:100900006b46dc1d23000e000122542107000bf072
:1009100037fc08222378050093431e43073a23003f
:100920005421380026700bf06ffc284303b0f0bd53
:100930000023f0b5ce4647469946002380b583b0e4
:1009400001ad2b804b46ab706b46df1c04230c00c3
:100950003b7001223b00762180460bf055fc2b00ba
:10096000060003224f2140460bf00afc4b4606438b
:100970003b7001223b00762140460bf045fc0123f1
:100980002a783043511119402170d11019406170fb
:10099000911052101a40e2706a781940a17011113a
:1009a000194021715110194061719110d2101a40f3
:1009b000e271aa781940a1715111194021721111e7
:1009c00019406172d11019401340a172637303b0d2
:1009d0000cbc90469946f0bd0023f0b5ce46474684
:1009e0009946002380b583b001ad2b804b460c00a7
:1009f000ab7002222b00652180460bf0c1fb6b46d9
:100a0000df1c042306003b7001223b007621404698
:100a10000bf0fafb6b460643063301224d2140469c
:100a20000bf0aefb4b4606433b7001223b007621a8
:100a300040460bf0e9fb01232a783043911119401d
:100a40002170d11019406170911052101a40e2705b
:100a50006a781940a170d110194021711900114014
:100a60006171511092101a40e271aa781940a17177
:100a7000511119402172111119406172d1101940a0
:100a8000a17251101940e172911019401340217365
:100a9000637303b00cbc90469946f0bd0023f0b5db
:100aa000ce4647469946002380b583b001ad2b80e2
:100ab0004b460c00ab7002222b00682180460bf0e5
:100ac0005ffb6b46df1c042306003b7001223b00ea
:100ad000762140460bf098fb6b4606430633012215
:100ae0004e2140460bf04cfb4b4606433b70012227
:100af0003b00762140460bf087fb01232a783043e8
:100b0000911119402170d11019406170911052104b
:100b10001a40e2706a781940a170d1101940217111
:100b2000190011406171511092101a40e271aa78b7
:100b30001940a171511119402172111119406172ae
:100b4000d1101940a17251101940e1729110194051
:100b500013402173637303b00cbc90469946f0bdfb
:100b6000f0b5c646002300b582b001ad2b80ab7056
:100b70006b46de1c04230c00337001223300762107
:100b800080460bf041fb2b00070003224f2140461b
:100b90000bf0f6fa2e222b780743934322785bb2b0
:100ba000002a01d0202213436278002a01d00822b3
:100bb0001343a278002a01d004221343e278002aca
:100bc00001d0022213431e222b706b7893432279ab
:100bd0005bb2002a01d0102213436279002a01d0af
:100be00002221343a279002a01d004221343e2799e
:100bf000002a01d0082213436b703923217aa87888
:100c00004a1e9141627a9843531e9a4113019c46b1
:100c1000a37a647b5a1e9341621e9441624640b29d
:100c20002043490101430a43db001343ab70032215
:100c30002b004f2140460bf0e7fa002307433370a7
:100c400001223300762140460bf0defa384302b031
:100c500004bc9046f0bdc046f0b5d6464f46464669
:100c60000023c0b582b001ae0c003380b370022205
:100c70003300652180460bf083fa6b46df1c0423aa
:100c800005003b7001223b00762140460bf0bcfa88
:100c90006b460543063301224d2140460bf070faa6
:100ca0004e2233780543934322785bb2002a01d069
:100cb000402213436278002a01d008221343a2780d
:100cc000002a01d004221343e278002a01d0022234
:100cd000134333700f2372789a43237952b2591e0b
:100ce0008b416179db00481e81410a431343a2799d
:100cf000002a01d002221343e279002a01d0042203
:100d0000134373703f23b078984343b2207a9946d7
:100d1000411e88414301607a9c46411e8841a17a68
:100d200000014a1e9141e27ac900531e9a415300c4
:100d30009a46237b647b5a1e9341621e94414a4625
:100d40001443624614435246204301430a439b0026
:100d50001343b3706b46012206334d2140460bf01e
:100d600053fa002305433b7001223b0076214046a5
:100d70000bf04afa330005430222652140460bf08e
:100d800043fa284302b01cbc90469946a246f0bde7
:100d9000f0b5d6464f4646460023c0b582b001aef8
:100da0000c003380b37002223300682180460bf0c0
:100db000e7f96b46df1c042305003b7001223b0072
:100dc000762140460bf020fa6b460543063301229c
:100dd0004e2140460bf0d4f94e223378054393431d
:100de00022785bb2002a01d0402213436278002aa5
:100df00001d008221343a278002a01d00422134311
:100e0000e278002a01d00222134333700f23727854
:100e10009a43237952b2591e8b416179db00481ef7
:100e200081410a431343a279002a01d002221343cd
:100e3000e279002a01d00422134373703f23b07873
:100e4000984343b2207a9946411e88414301607a13
:100e50009c46411e8841a17a00014a1e9141e27ad6
:100e6000c900531e9a4153009a46237b647b5a1e45
:100e70009341621e94414a461443624614435246cb
:100e8000204301430a439b001343b3706b46012286
:100e900006334e2140460bf0b7f9002305433b7063
:100ea00001223b00762140460bf0aef933000543aa
:100eb0000222682140460bf0a7f9284302b01cbc6f
:100ec00090469946a246f0bd70b58eb06b460122a1
:100ed00006332d2105000bf053f9041e03d16b4698
:100ee0009b791b0702d420000eb070bd02ab02221a
:100ef0001d2128000bf044f93f4b0400eb5c102b44
:100f000040d06a46128907ab5a8203ab06221f21e2
:100f100028000bf035f9384e0443ab5d102b4cd054
:100f20006a46928907abda806a46d2891a816a4694
:100f3000128a5a8105ab0622252128000bf020f9e0
:100f40002d4e0443ab5d102b22d06a46928a07ab2c
:100f50009a816a46d28ada816a46128b1a826b6a51
:100f6000002b01d007a8984702232a7e9a43bad1c2
:100f70006b4607331a707521013228000bf044f9d3
:100f80000443b0e72e2102a86944fff7cdf8bce77f
:100f90000aa905a8fff7c8f8ab5d102b23d12a21b9
:100fa000162069446844fff7bff8ab5d102b20d1d1
:100fb0000ba906a8fff7b8f8d1e7222103a86944d6
:100fc000fff7b2f8ab5d102b11d10e2009a96844d0
:100fd000fff7aaf8ab5d102b07d1262104a86944be
:100fe000fff7a2f8a6e707abb3e707ab9fe707abae
:100ff0009ae707abb0e7c0466808000001380e2842
:1010000003d8034b8000c05870470248fce7c04635
:1010100080ec000000c40900f0b5c64600b582b0ff
:101020006b46dc1d230001220f004e2105000bf052
:10103000a7f80323227880461340022b1fd0114bc0
:10104000eb5801330f4a5021ab506b469e1d3300c5
:10105000012228000bf094f80f2233780400934308
:101060001f430e3a33005021280037700bf0ccf8a4
:1010700043462043184302b004bc9046f0bd002311
:10108000e0e7c0466c080000f0b583b06b46dc1d9d
:1010900023000e0001224f2107000bf071f80f22f0
:1010a0002378050093431e430e3a23004f21380056
:1010b00026700bf0a9f8284303b0f0bdf0b583b05b
:1010c0006b46dc1d23000e000122502107000bf0af
:1010d00057f81f232278050013401e4301222300e6
:1010e0005021380026700bf08ff8284303b0f0bd74
:1010f000f0b583b06b46dc1d23000e0001224f21aa
:1011000007000bf03df81f232278050013401e4313
:10111000012223004f21380026700bf075f8284378
:1011200003b0f0bd30b50d4b83b0c35c0d00002b98
:1011300003d00b4bc35c012b0cd06b46dc1d230092
:10114000012250210bf01cf81f22237893432b70af
:1011500003b030bd002300200b70f9e769080000e0
:101160006a08000030b50d4b83b0c35c0d00002b46
:1011700003d00b4bc35c012b0cd06b46dc1d230052
:1011800001224f210af0fcff1f22237893432b708a
:1011900003b030bd002300200b70f9e769080000a0
:1011a0006a080000f0b5c64600b582b06b46dc1d8b
:1011b0000e0023000122522105000af0e1ff0f2753
:1011c0008046237801223b40334323705221230081
:1011d00028000bf019f843460343181e02d1034bb5
:1011e000be43ee5402b004bc9046f0bd720800004d
:1011f000f0b5c64600b582b06b46dc1d0e0023007c
:101200000122522105000af0bbff0f2780462378f8
:1012100001223b40334323705221230028000af06f
:10122000f3ff43460343181e02d1034bbe43ee5463
:1012300002b004bc9046f0bd74080000f0b5c6468c
:1012400000b582b06b46dc1d0f0023000122522145
:1012500005000af095ff0f26804623780122b3434c
:101260003b4323705221230028000af0cdff434660
:101270000343181e02d1034b3e40ee5402b004bc9f
:101280009046f0bd75080000f0b5c64600b582b0c6
:101290006b46dd1d01222b004e2106000af070ff77
:1012a0002a780700130703d003231340022b28d109
:1012b0006b4601220633162130000af061ff052338
:1012c0006b4498460023424604001370162143469f
:1012d000012230000af098ff6b46044306330122d6
:1012e000162130000af090ff3c430443434601229c
:1012f000752130000af044ff204302b004bc904640
:10130000f0bd6b46022205331a704b21013a3000c2
:101310000af07aff3843f0e7f0b583b06b469d1dc5
:101320002b0001224e2104000af02aff0c222b7808
:101330001a421bd1224e093a9343a25d002a17d0cc
:101340000121204a2b70a1542b0001224d31200095
:101350000af05aff002105002000fef7c1ffa35d3f
:101360000543002b12d1280003b0f0bd03229343a4
:101370002b7001222b004e2120000af045ff002196
:1013800005002000fef7acff0543ece76b46df1dd0
:101390003b0001225f2120000af0f2fe13223b787d
:1013a000060093433b70123a3b005f2120000af095
:1013b0002bff06432000fff767ff35430543d2e7c5
:1013c0006a0800006b080000f0b583b06b469d1df5
:1013d0002b0001224e2104000af0d2fe03232a78ba
:1013e0000600134034d1404f0c339a43e35d002b89
:1013f00032d001213d4b2a70e15401222b004d31a6
:1014000020000af001ff304305000af00ffb384bc3
:10141000e31818605960e35d002b2dd06b46df1d8b
:101420003b0001225f2120000af0aafe13223b7834
:10143000060093433b70123a3b005f2120000af004
:10144000e3fe304305432000fff71eff054313e092
:10145000022b14d00c239a432b002a704e21012218
:1014600020000af0d1fe304305000af0dffa204bdd
:101470009c46644420606160280003b0f0bd0821f0
:101480002000fef72dff0c2207002b784e219343fe
:101490002b700b3a2b0020000af0b6fe3d000543ee
:1014a0000af0c4fa124b0122e318186059606b4627
:1014b000df1d3b00502120000af062fe0f233a7826
:1014c00035431340013b05430e2b0bd8094a9b00c3
:1014d000985840000af0aefa00212000fef700ff05
:1014e0000543c9e70448f5e76a0800006b080000f7
:1014f0007808000080ec000000881300f0b5de469c
:10150000574645464e46e0b58fb004aa9446072399
:1015100063449a4600235246137063460122063301
:101520002d2104000af02cfe051e04d1062204ab76
:101530009b791a4207d128000fb03cbc90469946cf
:10154000a246ab46f0bd06ab043a2e2120000af0bd
:1015500017fe002800d054e104ab1b890093002b38
:10156000e9d0d94be35c002b00d04ce11023984626
:101570009946237e022b00d096e1009b27004d4622
:101580000026994644373b002a00302120000af00b
:10159000f7fd002800d0c6e10136b6b247444e45fb
:1015a000f1d10023002507ae1f0017e1911c1000a8
:1015b000029144318b46111d039144316118019110
:1015c000c24944308846615c2018a344102900d1e8
:1015d00031e1a21840784432127800020243f280ce
:1015e0005a465178029a0902a218443212780a43e4
:1015f0003281019a5178039a0902a2184432127872
:101600000a4372810735adb29a062cd5aa1c443222
:10161000a21801922a1d2800029244329046ab4a39
:1016200044309346a25c2018a044102a00d120e147
:10163000621941784432127809020a43b281019a50
:101640005178aa1ca2184432127809020a43f28186
:10165000424651782a1da2184432127809020a43e0
:1016600032820635adb260221a421dd0503a1a427b
:1016700000d1cce02800954a4430a25c2018102a02
:1016800000d12be1621941784432127809020a43f1
:1016900072828f4a1220315e0235adb2914203d080
:1016a000102231680a4332600c221a421dd02800f1
:1016b000864a4430a25c2018102a00d1b5e0621995
:1016c00041784432127809020a43b280042202357a
:1016d000adb21a4206d07f49615c002902d131685f
:1016e0000a43326000217b4aa15410221a409346db
:1016f00059062ad576490622b05e884225d00822ae
:10170000b05e884221d00a22b05e88421dd05a467f
:10171000002a0ed0611908004430007800093075a5
:1017200008004631453000780978000909097075cc
:10173000b175862212019046a044424612680132d9
:1017400000d1dce05a0700d40ee199062cd560499f
:101750000c22b05e884227d00e22b05e884223d091
:101760001022b05e88421fd05a46002a11d060195c
:10177000010044310a780f210a40f275452294464f
:1017800084446246127846300a403276007801403e
:101790007176514a9046a04442461268013200d107
:1017a000b7e05b0700d4c3e05b46002b01d00335f4
:1017b000adb2636a002b01d0300098470222237e2d
:1017c000934305d15346013a752120000af01cfdd0
:1017d0000137009bbfb2bb4200d188e000233360d9
:1017e0002b0044339946a1444b461b786a1c59b2de
:1017f00092b2002900da7ce0590600d5d6e6150041
:1018000002e7050097e6142398469946b1e6611968
:1018100044310978013549b27182adb2803100d1cd
:1018200042e731680a4332603ee708a9fef77cfcd4
:101830004b461b784ae704ab9c4602316144fef7f5
:1018400073fc4346e35c102b00d0ace009a958467a
:10185000fef76afc4346e35c102b00d0a0e004ab2b
:101860009c46162101986144fef75efc4b461b78ae
:10187000c8e60aa9fef758fc5b46e35c102b00d0d3
:1018800097e004ab9c461a2101986144fef74cfc9a
:101890005b46e35c102b00d088e00ba94046fef7c6
:1018a00043fc4b461b78dce64246009b30215a4302
:1018b0002300200044330af063fc051e00d170e6cb
:1018c0002000fff7e1fc36e6690800006808000028
:1018d0000080ffff6b0800005808000004ab9c4626
:1018e0001e216144fef720fc4b461b78d1e61d000b
:1018f00021e601252000fff7c7fc6d421be64246aa
:101900005268002a00d01de701213268114331607e
:101910001be742465268002a00d042e702233268a1
:101920001343336040e705002000fff7adfc02e6fb
:101930000af07cf843461a685b68801a99410029ce
:1019400002d11d4b984209d901220023414652423f
:101950000a604b6002233268134333604b46102207
:101960001b781a4093461fe70af060f843461a684e
:101970005b68801a9941002902d1104b984209d91d
:1019800001220023414652420a604b600123326823
:10199000134333604b4610221b781a409346d4e61b
:1019a0004b461b7825e64b461b7819e64b461b78c1
:1019b0004ee64b461b7842e65fea00001f4e0000f1
:1019c000f0b5134e83b0835d04000025002b05d0d5
:1019d00028000f4a0133a35403b0f0bd6b46df1d4e
:1019e0003b00012254210af0cbfb10223b7805007a
:1019f000934313433b7001223b00542120000af023
:101a000003fc0543c8200af015f8a35de0e7c046d3
:101a100054080000f0b5114e0400835d83b000202f
:101a2000002b04d00d4a013ba35403b0f0bd6b461c
:101a3000df1d3b000122542120000af0a1fb1022ef
:101a40003b78050093433b700f3a3b005421200044
:101a50000af0dafba35d2843e4e7c046540800001f
:101a6000f0b5c646042300b582b001ad0e002b7060
:101a700001222b004b2180460af0c6fb6b46df1c7f
:101a8000012304003b7001223b00762140460af00e
:101a9000bbfb2b0004430322622140460af070fb8b
:101aa000002304433b7001223b00762140460af0ac
:101ab000abfbf0216b782a781b029b18aa780903ec
:101ac00012040a409b182043336002b004bc9046c5
:101ad000f0bdc046f0b5c64600b582b005006b4605
:101ae000002946d0df1d012301223b7076213b00f7
:101af0000af08afb6b469e1d0400330001227b2105
:101b000028000af03dfb0622337804439343042265
:101b10009046424613433370012233007b21280054
:101b20000af072fb002304433b7001223b00762144
:101b300028000af069fb3300044301224d212800ec
:101b40000af01efb042233780443934342461343b6
:101b50003370012233004d2128000af055fb082183
:101b600004432800fef7cafe204302b004bc90469e
:101b7000f0bd9e1d330001224d210af001fb04221d
:101b80003378040093433370033a33004d21280027
:101b90000af03afb2043e8e710b582b06b46dc1d43
:101ba000230001224d210af0ebfa20784007c00ff4
:101bb00002b010bd0122024bc25400207047c04643
:101bc000690800000022024bc25400207047c04642
:101bd00069080000f0b5c646002200b586b00023b3
:101be00090466a460293039304939382484b050000
:101bf0000f1ec15460d001295bd1d61d33000122d4
:101c00004c210af0bdfa202233780400934340228d
:101c100013433370012233004c2128000af0f4faf8
:101c200080230443337001223300162128000af078
:101c3000ebfa330004430122542128000af0a0faf1
:101c400001223378044313433370012233005421bb
:101c500028000af0d9fa3300044301225f2128004a
:101c60000af08efa03223378044393432c22134361
:101c70003370012233005f2128000af0c5fa3300d7
:101c8000012204436021280037700af0bdfa02a93e
:101c900004432800fef7a0fe6b464246044302a917
:101ca00028005a72fef7d8ff204306b004bc9046c5
:101cb000f0bd01204042f8e74346d61d33700122b3
:101cc000330016210af0a0fa3300040001225f213c
:101cd00028000af055fa03223378044393430c2278
:101ce00013433370012233005f2128000af08cfa7d
:101cf00002a904432800fef76ffe01236a4604434d
:101d000002a928005372fef7a7ff2043cde7c04683
:101d10006a080000f0b5de46454657464e46e0b537
:101d200017008822040089b012010d0000210df077
:101d3000fdfc230007cd07c307cd07c32a68e7488a
:101d40001a6009f077fe04ab9846012342467621db
:101d500013702000434601220af056fa237e060043
:101d6000012b1ad0002b00d1e3e1022b00d1c5e1f9
:101d700000234246762113702000434601220af0d8
:101d800043fa30430b2676420643300009b03cbc90
:101d900090469946a246ab46f0bd03ab9946022356
:101da0004a467a21137020004b4601220af02cfa91
:101db0000643002342467621137020004346012249
:101dc0000af022fa0643e0d14246c54b67623c3333
:101dd00023cb23c21b8820001380fef7b9f902af82
:101de0003b00050001224f2120000af0c9f90543fc
:101df000ab4609256d442b000122502120000af03a
:101e0000bff95b4603439b461f233a784f211a4094
:101e10003a702a7820001340402213432b7001228d
:101e20003b000af0f1f95f462b00074301225021e5
:101e300020000af0e9f96b46dd1d2b000743012263
:101e4000162120002e700af0dff92b000743012233
:101e5000622120000af094f970222b780743934303
:101e60002b706f3a2b00622120000af0cdf9074356
:101e7000bb460a276f443b000122542120000af090
:101e80007ff95b46022203439b463b78924693438d
:101e90003b70013a3b00542120000af0b5f95f463f
:101ea000082107432000fef729fd012107432000f8
:101eb000fff790fe2b0007430122142120000af0b7
:101ec0005ff903222b78074313432b7001222b0069
:101ed000142120000af098f9414607432000fef73c
:101ee000bbfe4246012341460743200053709670d3
:101ef000fef736fe2b0007430122642120000af082
:101f00003ff910222b78074393432b700f3a2b0095
:101f1000642120000af078f92b00074301225121a7
:101f200020000af02df90c222b78904693430422ce
:101f300013432b7007432b000122512120000af08c
:101f400063f92b0007430122532120000af018f9fe
:101f500018222b7807439343082213432b70012246
:101f60002b00532120000af04ff95e4b4a46e654fd
:101f700004230743137076214b46012220000af008
:101f800043f94a46584b074313800d234a21937067
:101f900020004b4603220af037f90743b9460b27c6
:101fa0006f443b000122762120003e700af02cf99c
:101fb0004b4603439946434601222b7057212b0081
:101fc00020000af021f94b46882203439846474bec
:101fd0005200e25260239b465a46454b7621e2541a
:101fe000032326643b705f3a3b0020000af00cf9a3
:101ff00043460343984601222b002e2120000af07d
:10200000bff843465246034398462b782e2193430c
:102010002b70013a2b0020000af0f6f843460343e8
:10202000984601222b00322120000af0a9f84346ed
:102030005a46034398462b78322193432b705f3adc
:102040002b0020000af0e0f84346034398460122a3
:102050002b00372120000af093f843465a460343e9
:1020600098462b78372193432b705f3a2b00200042
:102070000af0caf843460343984601222b003c214c
:1020800020000af07df843465a46034398462b78d1
:102090003c2193432b705f3a2b0020000af0b4f8e8
:1020a00045463b0005430122762120003e700af0a0
:1020b000abf8104b0122e118002352420a604b603a
:1020c0008621090161180a604b600b4905438c4663
:1020d00064442e002260636057e6c046b80b0000df
:1020e00080ec0000690800000d0d0000740800007d
:1020f00072080000580800007808000003ab9946f9
:1021000001227c2120000af03bf84b460c221b7870
:10211000050013434a467c21137020004b460122e0
:102120000af072f828430643e36820009847064304
:102130003fe603ab994601227c2120000af020f8fb
:102140004b4603221b78050093434a467c211370bb
:1021500020004b4601220af057f82843064328e6a0
:10216000f0b5de46454657464e46e0b591b002aa68
:102170000623944663441980090b9b460b03804653
:10218000029366d104af3900fef726fc08ae0400c6
:1021900031004046fef782fc0cad04432900404666
:1021a000fef7c6fbbb7804439a46b378524699467d
:1021b000ab7801934b46012a39d0012b41d0ab7843
:1021c000012b2cd05b460222602140460af01cf80d
:1021d000bb780443534506d0534639004046bb7094
:1021e000fef73afd0443b3784b4506d04b46310029
:1021f0004046b370fef7ccfd0443ab78019a93429e
:1022000005d029004046aa70fef7aafc044320002e
:1022100011b03cbc90469946a246ab46f0bd0023a7
:1022200029004046ab70fef79bfc0443cae7029bc3
:1022300039004046bb70fef70ffdb3780443012b15
:10224000bdd1002331004046b370fef7a1fd044329
:10225000b5e70b246442dae770b582b06b46012221
:1022600006335421050009f08bff002830db6b4654
:1022700008269b7928001e40fdf732ff002812d067
:1022800080246404002e0bd06b46de1d3300012237
:102290004d21280009f074ff337824015b071ad41c
:1022a000200002b070bd6b46dc1d230001224d21d1
:1022b000280009f065ff237804241c4063425c4138
:1022c000064b64421c4080235b049c466444d9e76f
:1022d00001246442e4e7024ce2e7c0461111110018
:1022e0000080841e30b583b06b46dc1d23000122c4
:1022f0004d21050009f044ff23785b0702d507480c
:1023000003b030bd2800fdf7ebfe431e9841044b9f
:1023100040421840034b9c466044f1e70080841e15
:10232000efeeeeff111111010048704734f8000084
:020000040000fa
:10233000002820d00378002b1dd02123c35c013b53
:102340000d2b18d84123c35c002b0cd03f23c35c5a
:10235000012b13d0022b0ed12133c35c0020083b8c
:10236000382b0dd870474233c35c002beed143337a
:10237000c35c002bead10c204042f3e70020f1e7d8
:102380000c38efe7f0b514009bb02c2862d01b2866
:1023900000d16fe0062800d17ce00e2858d032280a
:1023a00000d187e03d2800d194e02f2800d1a1e0a2
:1023b000342800d1c5e0112800d1d4e0132800d181
:1023c000e7e0042800d1f6e0652800d105e10928fe
:1023d00000d1a4e02a2800d111e1272800d120e172
:1023e000202800d12fe11d2832d100230422694684
:1023f000200005f0e3fe00282ad16b46a04e5f883e
:102400001a88b36801ad6a80002b21d0f368002bd5
:102410001ed0338a002b1bd00de02b886a88df1971
:10242000d21a6a80f1682a001d30b36898476a881a
:10243000bfb2002a0cd0318a0123914201d20a0096
:1024400000233819f1682a8005f0b8fe0028e4d08e
:102450001bb0f0bd0023042201a9200005f0aefe50
:102460000028f5d1864b1b68002bf1d001a92c3038
:102470009847ede70023082201a9200005f09efe01
:102480000028e5d17e4b1b68002be1d001a91b3051
:102490009847dde70123302201a9200005f08efed8
:1024a0000028d5d1764b1b68002bd1d001a906306e
:1024b0009847cde70023182201a9200005f07efef1
:1024c0000028c5d16e4b1b68002bc1d001a932304a
:1024d0009847bde7012300220021200005f06efe91
:1024e0000028b5d1664b1b68002bb1d000213d30d0
:1024f0009847ade76422002101a80df017f90023e9
:10250000642201a9200005f059fe0028a0d15c4bef
:102510001b68002b9cd001a92f30984798e7012316
:10252000642201a9200005f049fe002800d08fe7b1
:10253000534b1b68002b00d18ae701a9093098474b
:1025400086e70023042201a9200005f037fe0028b9
:1025500000d07de74a4b1b68002b00d178e70021b3
:102560003430984774e70023454e01ad042229001a
:102570002000337105f022fe002800d068e72b7898
:1025800073713368002b00d162e72900113098473e
:102590005ee700232c2201a9200005f00ffe002891
:1025a00000d055e7364b1b68002b00d150e701a93e
:1025b000133098474ce70023042201a9200005f0be
:1025c000fdfd002800d043e72d4b1b68002b00d1f8
:1025d0003ee701a9043098473ae70023042201a905
:1025e000200005f0ebfd002800d031e7244b1b68ec
:1025f000002b00d12ce701a96530984728e701237b
:10260000042201a9200005f0d9fd002800d01fe711
:102610001b4b1b68002b00d11ae701a92a309847f1
:1026200016e70023042201a9200005f0c7fd0028b9
:1026300000d00de7124b1b68002b00d108e701a961
:102640002730984704e70023082201a9200005f05d
:10265000b5fd002800d0fbe66b4620001a89083043
:102660000123019905f0aafd002800d0f0e6044bf3
:102670001b68002b00d1ebe601a920309847e7e664
:10268000d0190020f0b5c6462c3200b580460f00a8
:102690001d00069c96b2002b14d05b68002b11d055
:1026a0002b7a202b0ed8002c3ad0a01c2e220021f1
:1026b0000df03cf843462680012b2fd0002b0dd087
:1026c000022b05d00f256d42280004bc9046f0bdba
:1026d0000222a378134301221343a3706b7aff2bca
:1026e00003d0013bdbb20d2becd8e3707b1e032b38
:1026f000e8d82c23e7542a7a601d227169680df00e
:102700000bf8296800250029ded0252301222000ae
:10271000e254263005320cf0ffffd5e7a378dae764
:102720000c256d42d0e7c04610b508f091fc041ea0
:1027300004d104f02bf90122014b9a74200010bd42
:10274000d0190020002300b585b00293ab239b0075
:1027500001930090002300228321052005f07efbd9
:1027600005b000bd10b508f08dfc002802d1012293
:10277000014b9a7410bdc046d019002070b58cb0c2
:1027800001236a46d37100282fd0194c03682360b7
:102790008368a360c368e360038a2382837c002b81
:1027a0000bd1002323716b46d81d08f077fc050080
:1027b000061e05d028000cb070bd0423d371f0e7cd
:1027c00002230020a37405f01ffb051e04d0002087
:1027d000a67408f095fcede70649012005f018fd08
:1027e00002a808f07ffb0500e4e70c256d42e1e755
:1027f000d01900208523000010b5040008f042fc29
:10280000002805d10122034b20009a74fff7b6ff80
:1028100010bdc046d0190020002210b5044b002086
:102820009a7405f007fb002008f06afc002010bd38
:10283000d019002010b505f021fc10bd10b58eb0e8
:1028400005ac2422002120000cf070ffff23237030
:1028500000232200029301930093272124330120b7
:1028600005f0fcfa0eb010bd002300b585b0029350
:102870000193009300222921012005f0effa05b011
:1028800000bdc04610b590b004ac0b00009400220f
:102890000121fff7f7fe002801d010b010bd029013
:1028a00001900090302322003b21013005f0d6fa40
:1028b000f3e7c046102040427047c046f0b5454699
:1028c000de4657464e46e0b5150091b0002a00d1cd
:1028d00080e004ae0b0000966c220221fff7d2fece
:1028e000041e07d0200011b03cbc90469946a24679
:1028f000ab46f0bd01216c200cf07bfe071e0bd017
:102900002c686968002c0ad000291ed00f2464426c
:1029100038000cf035fbe5e703246442e2e70029c8
:10292000f4d02a7a402af1d8027001300cf0f4fe7b
:10293000302302933c33019300973c3b3200bb2190
:10294000012005f08bfa0400e2e740230370431cea
:102950009b4621239c462023220059469a468444c4
:102960001378303bdbb2092b0ad955462b4331256e
:102970006d42a84698444546052dc7d8273bdbb293
:102980001b01dbb20b705578a84630256d42a94675
:10299000c8444546edb2a846092d0fd945465046d4
:1029a0000543a84631256d424544052daed827255f
:1029b0006d42a946c8444546edb2a84643440b7053
:1029c000013102328c45cbd13a78210058460cf0c7
:1029d000a3feade70f24644284e7c04610b500298a
:1029e0001ad001284ad000281dd0022829d0032857
:1029f00016d1012a14d10b78012b57d0002b5cd0b3
:102a0000022b0dd108232e4a0020116899430b0098
:102a100004210b43136005e0002a01d1022820d0d5
:102a20000f20404210bd042afad10b68002b33d08e
:102a3000012bf5d1224a013311680020994311601e
:102a4000f0e7002a0dd0142aead140231c4a10686e
:102a500003431c481360143014220cf05dfe002068
:102a6000e0e74023164908689843086015490020ac
:102a70004a618a61ca610a624a62d3e7042acfd1f5
:102a80000b68002b0fd0012bcad10d4a0f331168f0
:102a900000200b431360c5e70223094a0020116898
:102aa0000b431360bee7064a1023c5e70c23044a14
:102ab000002011680b431360b4e7014a0c23bbe705
:102ac000841b0020d019002010b50b1e16d0012841
:102ad00017d0002821d002282cd003280ed111684d
:102ae00000290bd0012010601f4a116804220a40ff
:102af00033d00a0730d51870002001e00f20404283
:102b000010bd11680329f9d904211160164a126811
:102b10001209104018600020f2e711680329edd96e
:102b200004211160104a00201168012249088a43db
:102b30001a60e5e740200c490968014010d011688f
:102b40001329dbd91421116008491422143118000b
:102b50000cf0e2fd0020d3e702221a700020cfe73c
:102b600011600020cce7c046841b0020d019002053
:102b7000f0b5d6464f464646c0b5140090b0002a80
:102b800000d17fe01268002a00d176e06368002b54
:102b900000d177e0a368002b00d173e0a589e2891a
:102ba000ad18642d00d96de08023228a5b009a4223
:102bb00068d82c35551904abadb2009398462a005d
:102bc0000b000421fff75efd061e06d0300010b09a
:102bd0001cbc90469946a246f0bd012128000cf08d
:102be00008fd071e4bd0012306000370a37c2c3682
:102bf000b246002b01d081230370e37c002b03d06d
:102c000040223b7813433b702c233a00fb701f4b50
:102c10000c321b68d1467b621d4b143343cb43c23d
:102c200003cb03c2002321687b70002907d0237bdc
:102c3000504699461a007b700cf06efdd144a27b81
:102c400061684846ba700cf067fd5346b878228a2e
:102c50004844c61aa168be80fa800cf05dfd30239e
:102c60000195029300974246bb21012005f0f6f83a
:102c7000060038000cf084f9a8e7a28186e7032655
:102c80007642a3e70f267642a0e7c046841b0020c9
:102c9000d0190020f0b5de4657464e464546e0b511
:102ca000140093b0002a00d1afe01368002b37d096
:102cb0006368002b00d1a8e0a368002b00d1a4e03a
:102cc000e368002b00d1a0e02369002b00d19ce039
:102cd000a68ae28ab618642e00d996e08023278b54
:102ce0005b009f4200d990e0c623628bdb009a42d2
:102cf00000d98ae02c3692197d005519adb206ae86
:102d00000b0000962a000421fff7bcfc071e09d027
:102d1000380013b03cbc90469946a246ab46f0bd85
:102d20009382c5e7638b0121ed1a9946abb2180077
:102d30009a460cf05efc051e64d0022304970597aa
:102d400007000370237f2c37bb46002b01d0822362
:102d50000370637f002b03d040222b7813432b702a
:102d60002c232a00eb70314b0c321b68d8466b6267
:102d70002f4b143383cb83c203cb03c200232168c0
:102d80006b70002907d0237d584698466b701a0057
:102d90000cf0c2fcd844a27d6168aa7040460cf0d9
:102da000bbfcab785a46984443469b1aab80228bb7
:102db000a168ea8040460cf0affcea88e1689044e4
:102dc00040460cf0a9fc5a46eb88694643449b1ade
:102dd0004a466a8101229bb20a748b822b814a4641
:102de0000823ca82029323690192009304aa08234c
:102df000bc21012005f032f8071e09d028000cf094
:102e0000bff885e703277f4282e70f277f427fe7ee
:102e10003023029353460095019332003023bb21a7
:102e2000012005f01bf80700e8e7c046841b0020de
:102e3000d0190020f0b5002689b000966e461c001f
:102e40000eab1d880fab1b7875725d426b41019014
:102e500031725d00202912d80f0000260139c9b255
:102e6000ff2908d0435c002bf8d10f000139c9b20b
:102e70000126ff29f6d1002e01d06b461f72022acf
:102e80001dd022d9032a27d0042a1ad1002c18d009
:102e9000270000231537200003930693079304941b
:102ea00005970cf0d1fb03aef08138000cf0ccfba1
:102eb0003200308269462800fff75afe03e0002cfa
:102ec0000ed10f20404209b0f0bd012af9d1694668
:102ed0002800fff7d7fcf6e7604260411038f2e7c0
:102ee00000236a4620000393049313750cf0acfb97
:102ef00083b2402b08d06b460494187503aa694628
:102f00002800fff7dbfcdee70394f7e730b5002588
:102f100083b006ac248801950094fff78bff03b0c3
:102f200030bdc046002300b585b0029301930093e5
:102f300000222b21012004f091ff05b000bdc04606
:102f400000b587b00100062204a80cf0e5fb0023c1
:102f500004aa02930193009302210833012004f094
:102f60007dff07b000bdc046002300b585b002005c
:102f70000293019300930a211833022004f06eff9c
:102f800005b000bd00234142414100b585b00b3181
:102f90000293019300930022022004f05fff05b02a
:102fa00000bdc046002300b585b002000293019326
:102fb000009339210433012004f050ff05b000bd17
:102fc00000b585b000280ed00378fa2b0bd800226c
:102fd00001330292019200928f210200012004f03d
:102fe0003dff05b000bd0c204042fae700b585b0ba
:102ff00000281ad00378002b17d043780a3bdbb2a5
:10300000f02b12d88378013b012b0ed8c3787f2b8d
:103010000bd900230200029301930093142104337f
:10302000012004f01bff05b000bd0c204042fae770
:10303000002300b587b0059301280cd86a466b21a0
:10304000107502930193009305aa0433012004f044
:1030500005ff07b000bd0f204042fae7002300b58e
:1030600087b005aa108015210293019300930120d7
:10307000043304f0f3fe07b000bdc04610b5104c99
:1030800086b02379002b18d1431e0d2b01d9ff28c0
:1030900010d1002305aa1070102102930193009310
:1030a0000120043304f0dafe002801d1012323714a
:1030b00006b010bd0f204042fae70e204042f7e76d
:1030c000d019002010b5114c86b02379002b19d1ee
:1030d000431e0d2b01d9ff2811d1002305aa107022
:1030e000518001200293019300932321043304f0c3
:1030f000b5fe002801d10123237106b010bd0f20b9
:103100004042fae70e204042f7e7c046d0190020bf
:1031100030b51c4d87b02b79002b2fd1431e0d2bc2
:1031200024d8002924d00b78042b21d8002b23d0bd
:103130004a78202a1cd8012402e00a5d202a17d8e8
:103140000132013ba418dbb2a4b2002bf5d1042359
:1031500005aa1070009102930194a121012004f0ae
:103160007dfe002806d101232b7103e0ff28d8d073
:103170000f20404207b030bd0124e8e70e20404256
:10318000f8e7c046d0190020002210b50b4b88b0dc
:1031900005ac1a712070002804d11530083268443b
:1031a0000cf0bafa002322000293019300932f211e
:1031b0000c33012004f052fe08b010bdd0190020dd
:1031c000002300b585b002930193009300223121c2
:1031d000012004f043fe05b000bdc046002070474a
:1031e0000020704700b587b00b2810d8094a01238a
:1031f000c24093430bd105aa10705b210293019347
:1032000000930120043304f029fe07b000bd0c2018
:103210004042fae742080000002300b585b002935f
:103220000193009300225c21012004f017fe05b0f9
:1032300000bdc04610b584b00400fff779f800283f
:103240000bd1942302900193009400230022c62105
:10325000013004f003fe04b010bd0c204042fae738
:1032600030b50400a7b001ad010041348822280028
:103270000cf052fa2100042223a80cf04dfa210090
:10328000042224a80cf048fa902300222800ea54d3
:10329000fff7d0ff27b030bd00b585b000280bd0b8
:1032a00000230200029301930093222104330120a2
:1032b00004f0d4fd05b000bd0c204042fae7c04642
:1032c000002300b585b002930193009300224721ab
:1032d000012004f0c3fd05b000bdc046002300b5c9
:1032e00085b002930193009300220321012004f092
:1032f000b5fd05b000bdc04600b587b0002810d0b0
:1033000000290ed00e2305aa53800c33118002939e
:1033100001910090163b9c21012004f09ffd07b015
:1033200000bd01204042fae770b504000d0004f032
:1033300031fd002800d070bd2900200003f016feea
:103340000028f8d104f04afdf5e7c04610b50400a6
:1033500004f020fd002800d010bd200003f042fe44
:103360000028f9d104f03afdf6e7c046002300b585
:1033700087b005aa107012210293019300930120d7
:10338000043304f06bfd07b000bdc046014b587913
:10339000c0b27047d019002010b504f00dfd10bd6b
:1033a000002330b587b005aa107051700400029355
:1033b000019300932d210433012004f04ffd0500fb
:1033c000200004f0f3fc280007b030bd10b586b033
:1033d000040004f0f1fc03000020042b01d006b02f
:1033e00010bd02900190009005aa3a210130059489
:1033f00004f034fdf3e7c04600b50a1c91b0302953
:1034000000d9302201320100d2b204a80cf084f9b4
:10341000002304aa02930193009307213033012073
:1034200004f01cfd11b000bd70b50d008eb016008b
:10343000202914d805ac0a00010020000cf06cf91a
:10344000002321226355a654252102930193009362
:1034500022002433012004f001fd0eb070bd0c20c9
:103460004042fae710b503f00ffb10bd70b5050040
:1034700004f090fc041e01d0200070bd280007f06d
:1034800031fd040004f0aafcf6e7c046f0b50400e4
:10349000bbb00e001700002827d0fef749ff051e1d
:1034a00023d18822210004a80cf036f92100d9206c
:1034b00088310c2268440cf02ff93378002b14d09b
:1034c0003100402226a80cf027f96a461021c823b3
:1034d0005218d754074b78311d7101200295019580
:1034e0000095d82304f0bafc01e00c2040423bb028
:1034f000f0bdc046d0190020f0b50400a7b001ad62
:103500000e00170001004134882228000cf004f955
:103510002100042223a80cf0fff82100042224a893
:103520000cf0faf8902300223100ea5428003a0007
:10353000fff7acff27b0f0bd002300b585b00293c4
:103540000193009300220a21012004f087fc05b0ba
:1035500000bdc046002300b585b0029301930093df
:1035600000220521012004f079fc05b000bdc04611
:10357000002300b587b0059002930193009305aa3c
:1035800008330b21012004f069fc07b000bdc046e0
:10359000002300b585b002930193009300221a2105
:1035a000012004f05bfc05b000bdc0460023414291
:1035b000414100b585b00c31029301930093002284
:1035c000012004f04bfc05b000bdc046002300b54f
:1035d00087b005aa10701621029301930093012071
:1035e000043304f03bfc07b000bdc046002300b527
:1035f00087b005aa10701721029301930093012050
:10360000043304f02bfc07b000bdc046002300b516
:1036100087b005aa10702621029301930093012020
:10362000043304f01bfc07b000bdc046002300b506
:1036300087b005aa1070192102930193009301200d
:10364000043304f00bfc07b000bdc046002300b5f6
:1036500087b005aa5380108018210293019300932c
:103660000120043304f0fafb07b000bd002300b5cd
:103670000b4a87b0059391420fd800280dd06a46b7
:1036800004909182012002930193009304aa0833cd
:103690009f2104f0e3fb07b000bd0c204042fae795
:1036a0002c060000002300b585b0020002930193b0
:1036b000009324210c33012004f0d0fb05b000bda1
:1036c00010b586b0002812d004aca171062201000a
:1036d00020000cf021f800232200029301930093b4
:1036e0001e210833012004f0b9fb06b010bd0c20e8
:1036f0004042fae7002804d0034bd860002019822a
:1037000070470c204042fbe7d0190020002310b581
:10371000074c0020a37404f08dfb002007f0f0fca0
:1037200007f0b0fc002801d10123a37410bdc046ee
:10373000d019002010b50400fff7e8ff002800d0e2
:1037400010bd2000fff71af8fae7c04610b5fff7e2
:1037500015f810bd014b987cc0b27047d0190020fd
:1037600000b587b001236a46137501280cd80023e1
:103770005075692102930193009305aa0433012037
:1037800004f06cfb07b000bd0f204042fae7c046d2
:10379000002300b587b005aa137069210293019335
:1037a00000930120043304f059fb07b000bdc0466c
:1037b00000b587b001280cd8002305aa10706a2133
:1037c0000293019300930120043304f047fb07b0f8
:0837d00000bd0f204042fae7a2
:020000040000fa
:1037d800f0b50c009db0002907d0244d6b68002b74
:1037e80003d001280dd0062801d01db0f0bdcc2291
:1037f8009b58002bf9d00a682800039203a9984720
:10380800f3e7d0229e58002eefd04b680f78019333
:103818008b686c3a002103a802930bf083ff052ff5
:10382800e3d8134abb00d3589f46e368039303ab1e
:1038380001aa39002800b047d7e70023f8e721009c
:1038480020220c3103a80bf063ff210020222c3129
:103858000ba80bf05dff2100e36c5031202214a867
:1038680013930bf055ff03abe2e7c0466813002043
:1038780024d90000f0b5ce46474680b50c00ebb021
:10388800002923d0c84e7568002d1fd0031fdbb256
:103898002e2b1bd8c54a9b00d3589f46eb7b002b89
:1038a80014d000230122eb738a56002a00d04ae183
:1038b8000b786b74002b00d06be18823ec58002c3c
:1038c80004d00023002200213000a0476bb00cbcbc
:1038d80090469946f0bd2b7b002b02d10122a133e3
:1038e800ea54637821781b020b43a17809040b433f
:1038f800e17809061943a423e9501433eb58002b47
:10390800e4d030009847e1e700224e2398248a56f5
:10391800ea542b59002bd9d03100300098470022a7
:1039280073681a51d2e7212120000bf095fe752209
:103938007568c3b20700ab54202bc7d855239846e7
:10394800a844553a002140460bf0ecfeff22210026
:103958003a4040460bf0dcfe21232100e75c63334c
:10396800ef5422314a780b7812021a438b781b04e1
:103978001a43cb7804311b061343ab677c23994663
:10398800a944062248460bf0c3fe01238222ab5409
:103998002e3aab549333ed58002d97d0683be3563d
:1039a8004246019300974b4631003000a8478de707
:1039b800c023eb58002b00d188e7212120000bf011
:1039c8004bfe2022c3b203ad0700ab54202b00d915
:1039d8007ce7002128000bf0a5feff2221003a40d9
:1039e80028000bf095fe6223e35c0eaf3b70022bc0
:1039f80000d1dfe06323e35cc0245a42534172687c
:103a0800dbb212592900904630003a00c047002224
:103a180073681a515ae728000431062234300bf033
:103a280077fe01273a23ef54303b98462800a044fc
:103a38002022414613300bf06bfe212140460bf04b
:103a48000bfe332388257168c85462780a33ca5438
:103a5800a2780133ca54e2784c59033bca548f7494
:103a6800002c00d132e70b004a7c097c133301316a
:103a7800c9b23000a0477368002866d1585125e7bd
:103a8800080009f00df8002800d11fe7902372689c
:103a9800d358002b00d119e7010032e78c23ed58e9
:103aa800002d00d112e70a78853b1732d2b2032adb
:103ab80001d83f4b9b5c002231003000a84705e746
:103ac8000a78012a33d0002a02d15423aa73ea546f
:103ad8008c23ed58002d00d1f8e6637831003000d2
:103ae800a847f3e69c239846eb58002b00d1ede657
:103af80003ada71c280008f0ebfc212138000bf0cf
:103b0800abfd3900c2b2280008f0fafc6178280041
:103b180008f04afd2378012b36d0022b21d04246eb
:103b2800736800219b58300000229847cee6a223f4
:103b3800aa73eb5c002bcbd1a433eb58002bc7d076
:103b4800a123ea54c4e76b74c0e61c7c0134e4b2d8
:103b58001c74fff717fc736884421ed300225a5165
:103b6800b4e62334412120000bf076fd0eafc2b23b
:103b78002100380007f07afc9c2372682900d3588a
:103b880030003a009847a1e60eaf380007f066fc0f
:103b9800f2e7287cfff7e6fb98e6187cfff7e2fbe4
:103ba800002273689a7491e6681300203cd90000db
:103bb800f8d900001f339846a04440460bf040fd5a
:103bc8003d236b44814638714022002118000bf0d8
:103bd800a9fd3d236b444a46414618000bf098fd69
:103be80008e7c046f0b545465746de464e46e0b5be
:103bf8005e4d85b06c6888461700002c0cd02600f6
:103c0800d43600280fd0f823e458002c04d0030041
:103c1800022231002800a04705b03cbc90469946d6
:103c2800a246ab46f0bd0af005fed422a35c002be9
:103c380002d10af003feefe7013ba3540af0fefdb0
:103c4800f06900286ad07369bb4267d3002f44d05b
:103c5800326ab946974235d9002a7cd1d4239a468c
:103c68000023f3613362f8339b465a466b689b58ce
:103c7800002b5ad00af0defd53465246e35c01336e
:103c8800a3540af0dbfd5a466b6831009b582800a4
:103c98009b4604220023d8470af0ccfd5346e35c38
:103ca800002bc6d05246013ba3540af0c7fdf06969
:103cb80000283ad0326a002a37d04b46002b0cd065
:103cc8004a45c9d34a4641460bf022fd4a46f369a4
:103cd8004b44f361336a9b1a3362d42332699846a2
:103ce80094467369db1b674473613761002b1ed0f0
:103cf8000af0a0fd43464246e35c0133a3540af0b0
:103d08009dfdf8236a683100d358280002930023e8
:103d180000220193009306f00bfa7de70af08afd72
:103d2800d422a35c0133a35483e7002373610af010
:103d380081fdd422a35c0133a3540af07ffdf8234c
:103d48006a68d458002c00d166e7002302223100ab
:103d58002800a04760e74146f0690bf0d9fc4a46c5
:103d6800336a9844d31a994678e7c0466813002006
:103d780010b5114c6368002b0fd001280ed0002815
:103d88000bd0032809d8c8229a58002a02d020004c
:103d980090476368c8220021995010bdc4229a58e0
:103da800002a02d02000904763680022a0215a54bc
:103db80024315a50f1e7c04668130020f8b5474649
:103dc800ce46214d80b56c68070089469046002c88
:103dd80007d00af02ffdd422a35c002b05d10af0ee
:103de8002dfd0cbc90469946f8bd013ba3540af042
:103df80025fd002f20d02600ff23d4367370002322
:103e0800b361d4239846002333617361f36133624d
:103e18000af010fd43464246e35c0133a3540af01e
:103e28000dfdf8236a68d458002cdad03b00012233
:103e380031002800a047d4e726004b46d4367370db
:103e48004346b361dde7c04668130020f8b5144d5a
:103e58006c68002c12d0f822a658002e0ed027002d
:103e680003002800d425d437f53a3900b0470af0c2
:103e7800e1fc635d002b02d10af0e0fcf8bd013bd8
:103e880063550af0dbfcff237b700023bb610af05b
:103e9800d1fc635d013363550af0d0fceee7c04600
:103ea80068130020f8b50e0000281ad10e4c2378ac
:103eb8002700002b13d101220c4d2361aa80fc326c
:103ec8002b65ab54002904d0086808f0fbfc736824
:103ed800ab600223ff33238000236560a3703800a2
:103ee800f8bd01277f42fae7681300207c13002001
:103ef800431e70b50400033306d8002343700e4bed
:103f0800834202d00023a37070bdfd234568eb5c9b
:103f1800002bf7d00af08efcfc22ab5c0133ab54cb
:103f28000af08cfc65680af085fcd422ab5c01338e
:103f3800ab540af083fce5e7681300207047c046dd
:103f4800431e033307d80388012b02d0407840b2c0
:103f580070470120fce701204042f9e7421e0300b8
:103f6800033209d84268002a06d0052010560028d6
:103f780001d101201856704701204042fbe7c04696
:103f8800f0b5431e87b00400033311d80125455707
:103f9800002d25d00edd012d11d0022d0cd1fc25d0
:103fa80046680af047fc735d002b3ed10af046fcd8
:103fb80007b0f0bd6b1cfbd0ff236370f8e74368c4
:103fc800002b2fd008f046fc0028f5d0fef7c6fbe2
:103fd800061e41d0f523626853710a336370e7e720
:103fe8000378002be4d0fd224368995c002900d0b7
:103ff8009d5401229a80fff7a9fb02280ed001f0f8
:1040080031fb08f06ffc636898680bf015fa0af04a
:104018008bff0af071ff00232370c9e70020fef729
:10402800f7fbece7ff334370c2e7013b73550af037
:1040380005fc0123e356022bbad163681b791b07e1
:10404800b6d4fef7f3fb0028b2d064680af0f2fb9e
:10405800635d01336355a9e7fff700fa000c1528e3
:10406800b8d167680af0e6fbfc23fe540af0e6fbc9
:104078006368200099680bf0d1f9374b01a80296c4
:104088000396049605960193fef774fb071e05d068
:10409800f423626853710b33637089e701f0c8fa3f
:1040a8002e4804f04bfe3f232d4e2e4af5542e4b3e
:1040b800f760336496235b007364de3bf754063382
:1040c800f7543433f7500433f7500433f7500433bc
:1040d800f7500433f7500433f7500433f7520233e0
:1040e800f5540233f7500433f7500433f7500433d0
:1040f800f7500433f250ff220433f7500433f750db
:104108000433f7500433f7500433f7500433f750af
:104118000933f254154a1b33f750183bf250b77461
:10412800376513490433f15012490433f1501248ea
:1041380018330021f75004f01bf90af07bfbd42355
:10414800f5540af07bfbfd236068c5544830fff73f
:10415800f9f8022363702be77d380000d937000097
:104168007c130020c0a80a01021e02d3c53d00002e
:10417800ed3b0000553e0000793d0000014b186101
:104188007047c0466813002070b500280dd1374825
:104198004368002b09d00278002a06d08278002aca
:1041a80007d01b7904008b4201d00124644220000f
:1041b80070bd827a002a11d00400186019710b07ab
:1041c80002d401238370f2e70020fef721fbfef7fb
:1041d800a7fa0028e9d10123a370e8e701243f25c5
:1041e800da609a745c55224d1d6496256d005d64f5
:1041f800de3d5a5506351a655a5534355a51043537
:104208005a5104355a5104355a5104355a51043516
:104218005a5104355a5302355c55a3341a510434a3
:104228001a5104341a51134d04341a5104341d51cf
:10423800ff2504341a5104341a5104341a51043431
:104248001a5104341a5104341a5109341d550a4daf
:104258001b341a51183c1d51084d04341d51084d8a
:1042680004341d5118341a51a6e7c04668130020bb
:10427800021e02d3c0a80a01c53d0000ed3b0000a4
:10428800553e0000431e03330bd84368002b08d06b
:104298001a68824203d10022a1219a735a5400233a
:1042a80083707047013810b50b00c21c09d800296b
:1042b80007d018000121fff7fff9431e9841c000fd
:1042c80010bd0220fce7c046013810b50b00c21c27
:1042d80009d8002907d018000021fff7edf9431e7f
:1042e8009841c00010bd0220fce7c046421e10b530
:1042f8000b0003320bd84168002908d0002b06d0e8
:104308004831062218000bf003fa002010bd0220e5
:10431800fce7c046431e03330ad84368002b07d086
:104328001a7b002a06d0587b431e984102307047fa
:104338000020fce70120fae7431e03330ad843684c
:10434800002b07d08278002a02d000201965704718
:104358000120fce70220fae7431e033307d843682d
:10436800002b04d08278002a01d0186d00e00020cc
:104378007047c046431e033314d8002912d08378ef
:104388000120002b00d1704700238b71cb710b7279
:104398004b728b72cb7213330b800c3b4b808b8030
:1043a8000020f0e70220eee730b5431e8bb0140082
:1043b80003332ad8002a28d08378002b22d06d46d0
:1043c8002800002923d0fff74df8002823d11c220c
:1043d8000021a01d0bf0a6f920000a212b790c2240
:1043e80023806b7969446380ab790c30a3800bf030
:1043f8008ff9200016211830092269440bf088f93a
:10440800002000e001200bb030bd0220fbe704f0e3
:1044180071f80028dbd00820f5e7c046431e10b528
:10442800033307d883780020002b00d110bdfff795
:1044380015f8fbe70020f9e700b5431e83b0033306
:1044480016d8002a14d08378002b0ed0002911d05a
:104458006b461000d91dfef763ff002803d16b4699
:10446800db79002b02d1082000e0012003b000bd59
:104478000220fbe71000fef765ff431e9841c000cd
:10448800f4e7c046431e10b50c00033312d80029c8
:1044980010d083780120002b00d110bd30212000de
:1044a8000bf0daf8c1b22000fef7a2ff431e9841d4
:1044b800c000f2e70220f0e7431e10b503330bd823
:1044c80083780120002b00d110bd0800fff79af86f
:1044d800431e9841c000f7e70220f5e700b5431ee8
:1044e80085b003331ad8152a18d88378002b18d02a
:1044f8000f4b684601930f4b029303230373002964
:1045080011d1012a0ad00c4b9a181379037201a809
:10451800fff7c4f8431e9841c00000e0022005b030
:1045280000bd0120fbe7044b9a1813794372eee7ac
:1045380005000100ffff0a05f8d900004368002bb9
:1045480006d00278002a03d0fc215a5c01325a5462
:044558007047c046a2
:020000040000fa
:10455c0070b5c26ac56d04002b7801320bd0026baa
:10456c00013208d0002b1fd0042028560af068f91d
:10457c003e23e05470bd002b06d0042028560af0d0
:10458c005ff95b23e054f5e70af052f9060068681e
:10459c00431c2ed1a868431c22d1e868431c16d1b9
:1045ac0030000af049f9e5e70af042f9060010205c
:1045bc0028560af045f93d23e054142028560af0f9
:1045cc003ff93c23e05430000af036f9d2e740b210
:1045dc000af036f95a23e05430000af02df9c9e7f5
:1045ec0040b20af02df95923e054e868431cd7d0a7
:1045fc00ede740b20af024f95823e054a868431cb4
:10460c00cbd0ede770b5c26ac56d04002b780132d2
:10461c000bd0026b013208d0002b1fd03e23c15ca3
:10462c00042028560af028f970bd002b06d05b2315
:10463c000420e15c28560af01ff9f5e70af0f8f8b7
:10464c0006006868431c2ed1a868431c22d1e86878
:10465c00431c16d130000af0eff8e5e70af0e8f851
:10466c003d2306001020e15c28560af005f93c2396
:10467c001420e15c28560af0fff830000af0dcf850
:10468c00d2e75a2340b2e15c0af0f6f830000af0a7
:10469c00d3f8c9e7592340b2e15c0af0edf8e868b9
:1046ac00431cd7d0ede7582340b2e15c0af0e4f8a4
:1046bc00a868431ccbd0ede7f8b54746ce4680b58d
:1046cc00ff277423050080694f4c020a3a405a4375
:1046dc003840a2188700d2683f18ff00bf183a88ec
:1046ec002969534390460022e3185a649a64ea6895
:1046fc00914200d27ae08a1a5a64434674265e4389
:10470c00a619f36a2a00d8b2404904f0efff336bc4
:10471c002a00d8b23e4904f0e9ffbb69002b68d0ef
:10472c00306b8021082b38d989000af08ffb80214f
:10473c00f06a89000af08afb434674265e432b69b3
:10474c00a719386b9946002b43d1002200210af09f
:10475c006bfb4a46bb6cba643200386b4032a21811
:10476c00b96bc0b204f0e2fe742643465e43ef68b8
:10477c00a619f06a0022002f18d100210af054fb70
:10478c002100f06a736c726b77647431c0b204f000
:10479c00cdfe0cbc90469946f8bd49000af056fb7c
:1047ac008021f06a49000af051fbc5e78021c9005d
:1047bc000af03afbb36c002b24d02b6942467421cf
:1047cc0051436418e06a626ba968c0b204f0aefe93
:1047dc00dfe78022002112010af026fb386bb96b4f
:1047ec002b696a68c0b204f0a1febde7521a9a6444
:1047fc0083e7306b00210af029fbf06a00210af0f4
:10480c0025fb99e7eb68d9e7b41700202148000095
:10481c004d4a0000ff2270b574248969104d0b0ab3
:10482c00134063430a40eb18d96893009b18db00d4
:10483c005b5a5c432c19636c002b00d170bd0022b9
:10484c000021e06a0af0f0fa2900e36a7431d8b268
:10485c00626b636c04f06afe00236364eee7c0468f
:10486c00b4170020ff22010002400a4883689a42d4
:10487c000dd293009b18c068db001818436a99424c
:10488c0005d1c3785a1e93415b42184070470020f3
:10489c00fce7c046b4170020f0b502680600ff2004
:1048ac0074272c4bc6469846130a03407b43104092
:1048bc0043448400db682418e400e418238800b522
:1048cc009c467b4343449b6a86b09a423dd001a8e8
:1048dc00230002000c33a2cba2c222cb22c263461d
:1048ec0074255d43636945442a6d9b009b586a6d32
:1048fc008360236900219b009b58ea6c4360a36989
:10490c009b009b58c3606b691b68984733680022f7
:10491c00ab622023e2541c23e3565a1c0ed00e4ae1
:10492c00012194461f2298b2134040099940637f9d
:10493c006044c001002b05d108f064f806b004bc3b
:10494c009046f0bd08f05cf8f8e72023e35c002b00
:10495c00e1d0bce7b417002088008200f8b50378da
:10496c000400002b39d01023c356022b35d1ff2560
:10497c007421066ab269130a2b404b432e49c9189d
:10498c002b0013409d00ed18cb68ed00ed181c2397
:10499c00eb56591c0fd0294a012194461f2298b27c
:1049ac001340400999406b7f6044c001002b15d126
:1049bc0008f026f8b269696a236a914215d0002b77
:1049cc0005d01a6a226200225a751a621a70256a78
:1049dc00002d02d06b7d012b20d0f8bd08f012f811
:1049ec00b269696a236a9142e9d10122f16932758f
:1049fc00002b05d01a6a226200225a751a621a70ac
:104a0c006f68002fe3d02626a35d01200133a35548
:104a1c00aa68b847a35d013ba355d8e72800183016
:104a2c00fff73aff022364696b756a682b69e968c2
:104a3c00a8686468a047d0e7b417002088008200fb
:104a4c00f8b557464e464546de46ff24e0b574257c
:104a5c0088468969534f0b0a23406b432140fb184e
:104a6c008c00db686418e400e418238882469946bd
:104a7c006b43fd189b46ab6c2e00002b56d1736913
:104a8c009b6898470028fad11c23e3565a1c0ed079
:104a9c00454a012194461f2298b21340400999407f
:104aac00637f6044c001002b5bd107f0a9ff424635
:104abc005b46616a9269fd182b6a914213d0002bf8
:104acc0005d01a6a2a6200225a751a621a702c6a68
:104adc00002c02d0637d012b53d03cbc90469946f0
:104aec00a246ab46f8bd5246012a45d0022a52d006
:104afc004246142010564246d169002b05d01a6a42
:104b0c002a6200225a751a621a706668002eded06c
:104b1c004b4674225a43bf1826373b78a2680133a0
:104b2c003b70b0473b78013b3b70d0e70022002143
:104b3c00286b0af079f95a462b6b4032ba18d8b266
:104b4c00a96bab6c04f0f2fc434699681b696a6b69
:104b5c00c918eb6ad8b2ab6c04f0e8fc0023ab6468
:104b6c00bbe707f04fff42465b46616a9269fd184e
:104b7c002b6a9142a3d1b6e74246514601201175ea
:104b8c00b9e720001830fff787fe02232000637579
:104b9c00fff792fda1e7ff22414601200a75404232
:104bac00a9e7c046b417002088008200f8b5002899
:104bbc0040d1224c2378002b3cd102207022ff30b4
:104bcc00a0526f3a8f382254c86a0e68a061886a66
:104bdc00cf68e06148692270e0608869a284a060b7
:104bec00012025328d68a3544a6867630f694042df
:104bfc00a763cf696661e7640f6a236227654f6a12
:104c0c006360a0626370e26225636765096b60672d
:104c1c00e1656421a3666354e366531c05d06b1ce9
:104c2c0003d0022300202374f8bdf368210004484c
:104c3c009847f6e701204042f6e7c046b41700203b
:104c4c0069490000002803d11020024b1856704708
:104c5c000020fce7b4170020f0b5002804d1702226
:104c6c002a4b9c5c012c02d001204042f0bd985490
:104c7c0010229a56022a1bd11a78002a18d05a7878
:104c8c00002a15d15f68002f18d19e68002e0fd016
:104c9c00da6800201400d5782834002d05d112e0f4
:104cac002200d5782834002d0bd00130b042f7d13a
:104cbc0070220121012099544042d7e70a07e4d51c
:104ccc00f6e7ff3505400120d0700c0700d5587071
:104cdc009c8c01372004284301345062a0b20c4c48
:104cec005f60a04200d101209884012470201c54e4
:104cfc00042319439170ff2100231177df3953608e
:104d0c009360506a53541380b0e7c046b417002028
:104d1c00ffff0000f0b5d6464f464646431ec0b5d1
:104d2c000400033312d803041b0e9a460ed1fff76e
:104d3c0099fd061e0ad074250388344f5d439846ae
:104d4c007b19994670331a78012a04d01cbc904602
:104d5c009946a246f0bd52461a704a3b1b78002b6e
:104d6c0009d171224946895c0129efd1494648464f
:104d7c008b54fff7edfb424674235343fb181a6e1a
:104d8c00a24209d11900002264319a660a70013ad4
:104d9c001a66723302321a70002020357d192b6886
:104dac00002b08d09969746a1a6aa1421cd020336e
:104dbc001d00131ef6d1424674335343fb182633a1
:104dcc001b78002b19d0424674235343ff187b6881
:104ddc000122013b7b60002352427b70f3707037e1
:104dec00013372623b70b1e7597d0129dfd12a6032
:104dfc009982186218702b68d2e74846fff702fcbc
:104e0c00712301224946ca54dde7c046b41700207d
:104e1c00f0b54f464646d646431ec0b50f001600a9
:104e2c00033318d803041b0e15d1fff71bfd051e09
:104e3c0011d0742403885c43144b1c192623984608
:104e4c00a04443461b78002b0ad171229146a25ce8
:104e5c009246012a07d01cbc90469946a246f0bd4a
:104e6c0047608660f7e74a462000a354fff770fbc3
:104e7c0043461b786f60ae60002becd12000fff72f
:104e8c00c1fb4b465246e254e5e7c046b41700203e
:104e9c00431e70b50c00033313d803041b0e10d142
:104eac00fff7e0fc00280cd0002c0ad003000c33d8
:104ebc0026cc26c306cc06c320230122c2540120d3
:104ecc0000e0002070bdc046f0b54546de464e46bb
:104edc005746e0b585b09b460f9b050088461600eb
:104eec00002b35d001230f9a5b421360c318033398
:104efc002ed803041b0e2bd1fff7b4fc071e27d0b2
:104f0c00002e2cd04346002b29d074233a880192d2
:104f1c0002925a4313009c460392774a6244130050
:104f2c0064331b789146002b02d0136eab420fd129
:104f3c007424714b019a9c466243624413002633dd
:104f4c001b78002b63d171224946895c01290dd055
:104f5c0005b03cbc90469946a246ab46f0bd0e9bb4
:104f6c00002bf5d05b46002bcfd1f1e749464846e4
:104f7c008b54fff7edfa3b885c4301935e4b9c46e8
:104f8c006444a369e1699c46e36e00292dd0604618
:104f9c000022ac46b2460be0dc00e418a4001d0075
:104fac00041901332678002e38d001328a421cd2e3
:104fbc009942f1d8040000250123f3e74b46200069
:104fcc001c62022318306375fff766fc7423029a87
:104fdc005343494a94466344da6a01327bd01b6bd3
:104fec00013378d02000fff767fb7423029a5343f8
:104ffc00414a9446634426331b78002ba8d148467b
:10500c00fff700fb712301224946ca54a0e79369bc
:10501c00d1699c46d36e0029b9d199e730000122a1
:10502c00206235485646aa46654684460199227048
:10503c0073324a436244908cc9b202040902114390
:10504c008c46ff2251460a4061460130114382b220
:10505c002a488a46e16182423bd074200199484338
:10506c0025498c466044c3665b4682846360434634
:10507c00a36080235b00a382bb69a561002b1ad1be
:10508c000e9be660236152460f9b1a604b461b6acf
:10509c00002b93d0184a039b944663441b6a002b45
:1050ac00a3d01a6a002a01d123e01a00136a002b3c
:1050bc00fbd1146299e7082b05d80e9b76005b0098
:1050cc00e6602361dfe70e9bb6009b00e660236180
:1050dc00d9e70122c1e723696268e168a0687424fa
:1050ec00029d6c43044dac46644464696468a047fb
:1050fc007be71a00146278e7b4170020ffff00006a
:10510c0000b583b0019300230093fff7ddfe03b0dd
:10511c0000bdc04600b583b0019300920b00002285
:10512c000021fff7d1fe03b000bdc046ff23020ae9
:10513c000100134210d103400948c2699a420bd9ad
:10514c00da00d31882699b00d318da6902208a42ec
:10515c0001d114201856704702204042fbe7c0468c
:10516c00b4170020431e70b504000d00033315d88e
:10517c0003041b0e12d1fff775fb00280ed074230d
:10518c0002885a43194b9b18002d09d01a0064321f
:10519c001078002819d01a6e944223d0002070bdcc
:1051ac001a6e00209442fad19a6e002a0bd0013a62
:1051bc009a66002a07d1013a1a661a0064321070f6
:1051cc00012272331a700120e9e71e007236317821
:1051dc000129e4d111709a6e307001321c669a6606
:1051ec002800dce79a6e01329a66d8e7b4170020e3
:020000040000fa
:1051fc00f0b54646d6464f46c0b5804696b00f0031
:10520c0092461e00062834dc2f4b040199461b19cc
:10521c00db7adb072dd5042e2ed0022927d00529c9
:10522c0027d1202e25d84022002106a80af078fa92
:10523c00434604ad4c442b70e388002432005146a5
:10524c0006a86b806f706e600af060fa48230294b7
:10525c00019400942a005121022002f0f9fdc31c94
:10526c0021d016b01cbc90469946a246f0bd3f2eec
:10527c00d9d906204042f4e7012923d0032907d0cd
:10528c004022042905d00229cdd00529cbd0f0e746
:10529c00102253461b684c44002b0ed0e37a00209e
:1052ac001a43e272dde702940194009448232a0029
:1052bc00d121053002f0ccfdd3e7e37a00209343f3
:1052cc00e372cee70222e4e77c150020f0b54646f7
:1052dc00d6464f46c0b5140096b00e0041283fd0bc
:1052ec0054283dd0422852d0432800d194e0442881
:1052fc0064d04b2862d0572800d1e9e04a2800d16d
:10530c0010e1462800d1e9e0482800d1ade04d2855
:10531c0000d1e3e0452800d118e1472800d13be15a
:10532c004c2800d112e1522814d105ad01231422ce
:10533c002900200002f03cff00280bd1b94b6a6811
:10534c00d9688a4206d11b69002b03d02a7ca96834
:10535c002868984716b01cbc90469946a246f0bdea
:10536c000023042205a9200002f022ff0028f1d11d
:10537c006b465b7d01aa1370aa4b19680029e9d012
:10538c00694614201b68085601219847e2e7002360
:10539c00042205a9200002f00bff0028dad16b468d
:1053ac005b7d01aa13709f4b19680029d2d0694606
:1053bc0014201b68085602219847cbe700230422cf
:1053cc0005ad05936b6000232900200002f0f0fe70
:1053dc000028bfd100202856c3b20a2bbad8924f4e
:1053ec000301fb18198901224c426141042401aece
:1053fc003070aa564942a14372700a31002a2dd04e
:10540c00aa789a73ea78da73864b1a68002aa1d0c4
:10541c001b68320098479de701ae00230c22310037
:10542c00200002f0c5fe002800d093e70921715638
:10543c00cbb20a2b55d97b48022305aa1170938055
:10544c007388d380736893600368002b00d181e765
:10545c00036808200421305698477be76a88083a8d
:10546c0092b21a812a795a73cee7092399460023fe
:10547c00102201a9200002f09bfe002800d069e751
:10548c006b461b7c5bb29846dbb20a2b00d961e7fa
:10549c006b465b8a6a469c464346634f1b019a46a1
:1054ac00fb1818730c21525e6946c889c98805ad72
:1054bc0069810299e960d9888c456fd0102e00d88b
:1054cc0048e7012300220021002002f071fe41e791
:1054dc00002305ad05936b60082274e706239946fb
:1054ec00c5e70823f356504f1b01fb18da7a0b0162
:1054fc00f818d2b2c272012282727289083a92b240
:10550c00028148488288013292b282808288002ac5
:10551c0003d18288013292b282808288fb1892b2c7
:10552c00da8089e705ad002344222900200002f02f
:10553c003ffe002800d00de73a488368002b00d1cd
:10554c0008e78368296c2800984703e707250023a0
:10555c00082205a9200002f02bfe002800d0f9e655
:10556c006b4614201856c3b20a2b00d9f2e66b46d0
:10557c00198bdb8a01aa13802b4b04011b19db88c6
:10558c00994200d0e6e6274b1968002900d1e1e6e4
:10559c001b6829009847dde60825d8e7002a01ddbd
:1055ac00b2420ddb002305931e4baa801a68002a19
:1055bc0000d1cfe61b682a00494640469847c9e609
:1055cc0096b25246ba58ee80002a00d1c2e69a88aa
:1055dc00002a00d1bee69a7a012a00d0bae69a884f
:1055ec00b21a12b2002a01dd9e88b6b253460019d7
:1055fc00f9583200012302f0dbfd002800d0a9e6a7
:10560c005346fb58ae8005935346fb18ea889880a6
:10561c005346f850034b921bea801a68002ac9d1f2
:10562c0098e6c046601500207c15002070b5094d29
:10563c002c7de4b2002c00d070bdb02200210648b5
:10564c000af06ef80549022002f0dcfd01232b75ef
:10565c00ac80f1e7601500207c150020d9520000c9
:10566c0010b5b022002106480af05af80021022099
:10567c0002f0c8fd0022034b1a609a601a7510bd27
:10568c007c15002060150020014b18609960704754
:10569c0060150020014b18607047c0466015002053
:1056ac00014b98607047c04660150020f0b54f461e
:1056bc004646d646c0b5904686b00f00022817d194
:1056cc0001291ed0022913d104220321344d35485f
:1056dc00ae7dac7dab7d240101330b400419ab7561
:1056ec00a37af6b2002b28d0013ad2b2002aefd11d
:1056fc0001267642300006b01cbc90469946a24664
:10570c00f0bd07239946284b254d9a466e7d6c7d3e
:10571c00687d0721013008f049fde4b2c9b22401cb
:10572c0069755444a37af6b2002b07d04b46013b63
:10573c00dbb29946002be9d1dae7073676b2002eb8
:10574c00d8db0023a36023606360e3600133a372a2
:10575c00ab8801339bb2ab80ab88002b03d1ab88f9
:10576c0001339bb2ab80ab889bb2e380012fc1d1dc
:10577c004346002bbed0002305aa1670502102937d
:10578c00019300930220043302f062fb2123e372a5
:10579c004346022baed18022e37a1343e372a9e78e
:1057ac0060150020ec1500207c15002070b588b029
:1057bc0000292bd0c3b20a2b28d8164d0301ed18a3
:1057cc00ac7ae4b2012c21d1002a1fd0eb7a05aec1
:1057dc001c4063425c411223307208226442300048
:1057ec009c4309f093ffeb885434738100233200ff
:1057fc0002930193009321000c33022002f028fb4a
:10580c00002801d00920404208b070bd062040425b
:10581c00fae7c0467c15002000b5c3b287b00a2b4e
:10582c0019d80e4b02019b189a7a012a13d1db88e6
:10583c0005aa53800023107051700220029301932b
:10584c0000934221043302f003fb002801d009200d
:10585c00404207b000bd06204042fae77c1500200c
:10586c00c3b20a2b0ad8074b00011818807a0138ea
:10587c00431e9841052340429843704706204042fe
:10588c00fbe7c0467c150020f0b5c3b289b00a2beb
:10589c002cd800292ad0174d0601ac19a37adbb2fb
:1058ac00012b23d1002a21d0e27a134219d14427ab
:1058bc0005ac207208222000ad1909f027ffeb88f7
:1058cc00220063810023390002930193009302208c
:1058dc000c3302f0bdfa002801d00920404209b077
:1058ec00f0bde37a05ac63724b27e2e70620404239
:1058fc00f5e7c0467c15002030b5c3b289b00a2b41
:10590c002bd8174a0301d3189a7ad2b2012a24d180
:10591c00d97a0a4221d0da7a52b2002a1dda1a89cf
:10592c00002a1ad07f240021dd7a05aa2c40dc72d3
:10593c00dc7adb8810725381547205910c23516010
:10594c000220029101910091563102f081fa002857
:10595c0001d00920404209b030bd06204042fae790
:10596c007c15002070b5c3b288b00a2b30d8002942
:10597c002ed0af23db009a422ad8174b06019d1973
:10598c00ac7a012c24d1ed8804aca5812070628006
:10599c005025062800dd0c3d9b19de7ac520f60744
:1059ac0006d5de7a76b2002e02db1d890730adb249
:1059bc00102301920091029501002200022002f0b6
:1059cc0047fa431e98410d234042984308b070bdde
:1059dc0006204042fae7c0467c15002070b5c3b2e1
:1059ec0088b00c9e0a2b2fd800292dd0af23db00ba
:1059fc009a4229d8164b04011b199c7a012c23d1ed
:105a0c009c7a002c20d00025db8804ac0495e56042
:105a1c006560a56020706280a381002e03d073683e
:105a2c00a360336805934423019202930091343ba5
:105a3c002200c721022002f00bfa431e98410d23cd
:105a4c004042984308b070bd06204042fae7c04679
:105a5c007c150020f0b59c46c3b289b007000a2b18
:105a6c0038d8002936d0002a34d01c4e0301f41843
:105a7c00a57aedb2012d2dd1f150a280217b002011
:105a8c00002925d12573e07a4631054205d0062040
:105a9c00e17a49b2c91781434d316046002801d1e2
:105aac0001388446f618f38805a8c38000236446a1
:105abc0002810771020002930193009302200c33c0
:105acc00059402f0c5f9431e98410d2340429843ba
:105adc0009b0f0bd06204042fae7c0467c15002014
:105aec0030b5c3b287b00a2b27d8154c0501631902
:105afc00997ac9b2012920d105aa1070d888db7a0d
:105b0c00508019404b425941042349429943002388
:105b1c004e310293019300930220043302f098f962
:105b2c00002807d10023641923606360a360e3603d
:105b3c0007b030bd09204042f4e706204042f7e7a9
:105b4c007c150020f0b5c64600b5c4b288b09846a6
:105b5c000a2c35d8002933d0002a31d01a4e07012f
:105b6c00f519ac7ae4b2012c2ad1ab7a002b22d0f5
:105b7c00f151aa80297b00291dd143462c73002b9f
:105b8c0001d1013b98464346f6190593f38805a9c4
:105b9c00cb80002308710a810220029301930093a9
:105bac000a000c33482102f053f9431e98410d238f
:105bbc004042984300e0002008b004bc9046f0bd81
:105bcc0006204042f8e7c0467c15002010b584b092
:105bdc00040009f033fdc3b2402b0bd80022013373
:105bec000292019200924a212200022002f030f926
:105bfc0004b010bd06204042fae7c04670b586b02e
:105c0c0016001d00c2b20aab1b880a2a28d8002d28
:105c1c0026d0154c0201a418a27a012a20d10229ff
:105c2c0019d001291cd1042b1ad12b6804aa049376
:105c3c00e3881071d380002356714e310293019387
:105c4c0000930220083302f003f9002801d0092048
:105c5c00404206b070bd2a003100fff7c9faf8e7e0
:105c6c0006204042f5e7c0467c1500200620404245
:105c7c007047c04610b588b0002818d0002a16d03e
:105c8c00012305900b4805ac2381c36802610133e5
:105c9c00c36006930023a172220002930193009328
:105cac0052210c33022002f0d3f808b010bd0f20a3
:105cbc004042fae760150020f0b5c3b289b0060087
:105ccc000f00062b01d8002903d10620404209b051
:105cdc00f0bd080009f0b2fcc5b26b1e04001c2b11
:105cec00f3d820220021684609f01afdff226b46ea
:105cfc00224003339c186b463900d81c09f006fd72
:105d0c006a466b1c5370202300219370e0b206e0ae
:105d1c00631ceb180131dbb2c9b298420cd0013cc8
:105d2c002378202bf4d10029cfd0631ceb18dbb2e5
:105d3c00217000219842f2d1064b32019b189b7abc
:105d4c00012bc2d11f336a4605213000fff750faf0
:105d5c00bde7c0467c150020c3b2062b0bd803014f
:105d6c000648c018c37adb0705d5837a002b02d00e
:105d7c00407b40b2704706204042fbe77c15002078
:105d8c00002300b587b0059002930193009305aaf8
:105d9c0004335521022002f05bf807b000bdc04669
:105dac00014b187dc0b2704760150020c3b2062ba2
:105dbc000dd800290bd003010648c018837a002b9c
:105dcc0005d0837b0b70c37b00204b707047062083
:085ddc004042fbe77c150020aa
:020000040000fa
:105de400294bf0b5c64698464246414652695b6b1c
:105df40000b50a61002b44d09968244a914233d8f3
:105e0400996843465b6900251c000a000023a41816
:105e14005d4143465b6800279b69984743461b697d
:105e24000600834203d90023194ab6185f4143464a
:105e3400196a00230a0092197b41ab421dd801d193
:105e4400a2421ad84346dc614346db691b0402d1f3
:105e540042460133d3614346d8695b6880b25b69cb
:105e6400984704bc9046f0bd43465b691c0000257e
:105e74000023064aa4185d41cbe743468e19de6130
:105e8400e2e74b69f2e7c04680140020ff7f000080
:105e9400ffff0000134b30b55a6b0100002a08d0f5
:105ea400824203d113e0994205d01a009369002b72
:105eb400f9d1002030bd8b69002b03d08c68986821
:105ec400001998600020936100238b61f2e79069c8
:105ed400002803d09568846864198460926901205d
:105ee4005a63f1e780140020f0b5ce46474680b5ea
:105ef400844683b000284dd0274b9946596b83685c
:105f04009846002941d00025002200232f008e68e6
:105f14000020b6185f41002f15d1b04513d388680f
:105f2400009000200190009e019f92197b418e6990
:105f34000800002e14d0002531002f008e68b618fa
:105f44005f41002fe9d0002808d1644648464463e5
:105f54004046821aa161a26001200ce0010086691a
:105f6400604686618861816940466346821a9a6008
:105f74000020002904d063469a688b689b1a8b60c2
:105f840003b00cbc90469946f0bd83604b46586301
:105f94000120f5e70020f3e78014002010b50d4c34
:105fa400636b002b13d0002811d09a680021904213
:105fb4000ad99a6899609b69801a002b07d0002837
:105fc40005d09a688242f4d39a68101a986063697b
:105fd400236110bd801400203123082010b5064c25
:105fe400e15c205608f04cfc3023e35c002b02d12a
:105ff40001223833e25410bd80140020f0b5c646a7
:10600400184c00b5636805009b6998476061626934
:1060140023699a4203d8802149028c466244d31ae8
:1060240098461800fff7baff08f006fca66ae76a6c
:106034000023424692197b41a262e36208f000fc0d
:106044002800fff751ff002802d104bc9046f0bda0
:1060540008f0f2fb0400fff7c3fe200008f0f0fb99
:10606400f3e7c0468014002038230022082010b52e
:10607400044ce254205608f0e7fb3123e05401209d
:1060840010bdc04680140020f8b54746ce4680b502
:106094001f0008ab1b78254c99463023e35c0600af
:1060a4000d009046002b0ad13823e35c012b02d06b
:1060b400012464420be0fff7d7ff0028f8d0002347
:1060c400e356022b08d001246442fff785ff200029
:1060d4000cbc90469946f8bd002df4d0b542f2d3dd
:1060e4000022134b1978002904d001322033052ae9
:1060f400f8d1e8e719755975494601209970414668
:1061040018800c48d96001885d600c041443013187
:10611400094aad1b89b21f619d60dc61914201d0c7
:106124000180d2e701210180cfe7c046801400201e
:10613400c014002076190020ffff000070b5050090
:106144000e1e42d0002840d101223823204ce254b4
:106154000b686360db689847c8220023e060002175
:1061640008f0aafe1b4a002308f048ff022200237d
:10617400801859412062337900222372164b25611d
:10618400a361164b6563e3610023a262e3623023db
:10619400e554636800211b681148984763681a69cd
:1061a400002a02d0208b90476368e0695b6980b263
:1061b400984763685b689847a0220021094809f062
:1061c400b3fa02232000237070bd01204042fbe794
:1061d40080140020006cdc02ffff0000ff7f000041
:1061e400d5640000c014002010b5084c84420cd1c2
:1061f40063689b689847a0220021054809f094fa37
:1062040040220021200009f08ffa10bd80140020e4
:10621400c0140020044a0023824201d018007047b1
:106224000023d356fae7c04680140020014bd868f7
:106234007047c0468014002070b508f0fdfa0d4c7c
:10624400060063689b699847236998420cd9c01a71
:106254000200e56aa46a0023a4185d41300008f036
:10626400effa2900200070bdc01a80235b029c460f
:106274006044ede78014002010b5fff7ddff10bd8a
:1062840010b5040008f0d8fa0023220002498a62fb
:10629400cb6208f0d5fa10bd801400200200002360
:1062a400c10e4001801a994170b5c60d4d023543a7
:1062b4004402a4185d41a60ea9013143a001001bac
:1062c400a94180185941034bda68002308f096fe6f
:1062d40070bdc04680140020fa2210b5920000233d
:1062e400002108f0e9fd034bda68002308f086fe7c
:1062f40010bdc0468014002010b5064b02000021da
:10630400d868002308f0d8fd034a002308f076fe7d
:1063140010bdc0468014002040420f00064b10b54b
:1063240002000021d868002308f0c6fdfa220023e9
:10633400920008f063fe10bd8014002010b582b0f6
:1063440004ac2478002c01d1002a04d00094fff777
:106354009bfe02b010bd01204042fae7f0b557465b
:1063640045464e46de46e0b583b098460cab9146b2
:1063740004cb344c1f7830230092e35c05008a463a
:10638400002b10d13823e35c012b08d00126300008
:1063940003b03cbc90469946a246ab46f0bdfff71d
:1063a40063fe0028f2d0002f02d14346002b42d0d6
:1063b4006b1e03333bd82b041b0c042b37d8224a07
:1063c4005b0193469c46e3445a46d26901930126f5
:1063d40095422dd11c4ad35c002b29d04b46002b6f
:1063e40026d0d14524d35846fff754fd5a460023fe
:1063f4009770137553755b464a465a6052464b462e
:106404009b1a5a4693605b464246da60009a5846a5
:106414001a613023e35c002b10d1fff7effd0a4a29
:10642400019b9446012263445a70002600e0012631
:10643400fff7d2fdabe7fff7cffda7e7fff754fd6a
:10644400ede7c04680140020c0140020f0b5c64615
:10645400302200b51c4b06009a5c002a0cd138226d
:106464009b5c012b04d00124200004bc9046f0bda9
:10647400fff7fafd0028f6d0731e033319d833044e
:106484001b0c042b15d8114f5d017b199846db6951
:1064940001249e420ed17b5d002b0bd043465b78da
:1064a400002b0ad100237a1913757b5553750024e8
:1064b40000e00124fff790fdd6e74046fff7eafc31
:1064c400002342465370ede780140020c0140020de
:1064d400f8b5344d6b686c6b9b69984768616b6960
:1064e4002869834203d88022520294466344181ace
:1064f4000200ae6aef6a002392197b41aa62eb6242
:10650400002c21d03022ab5c0133ab54fff746fda5
:106514006c6b002c03d0a3680126002b2ed0224fd5
:1065240000243e006301fb185a7d002a04d0002297
:106534005a75b278012a2ed001342036052cf1d1b7
:106544003022ab5c013bab5408f076f90400fff752
:1065540047fc200008f074f9f8bde368002b12d062
:10656400e069fff773ffe368002b01d020699847c7
:106574006c6b002cd3d0a368002bd0d1a3782675e4
:106584006675002be9d02000fff784fca378002b6c
:10659400e9d16370e7e7726830009a60fff7a4fc02
:1065a400cae7c04680140020c0140020f0b5c646d7
:1065b400302300b5224e0700f35c002b0cd13823a6
:1065c400f35c012b04d00124200004bc9046f0bdf0
:1065d400fff74afd0028f6d07b1e033328d83b047e
:1065e4001b0c042b24d8174a5d0153199046da6911
:1065f400012497421dd14246525d002a19d05a788f
:106604000024002a15d19a68002a01d15a689a6098
:10661400434658193023f35c002b0dd1fff7eefcf1
:10662400002245442a756a7501326a70002400e02c
:106634000124fff7d1fcc7e7fff756fcf0e7c0469b
:1066440080140020c0140020302270b5184b0400c0
:106654009a5c002a0ad138229b5c012b02d00125c6
:10666400280070bdfff700fd0028f8d0631e033337
:106674001ad823041b0c042b16d80e4a5b01d61817
:10668400f16901258c4210d19b5c002b0dd07378ed
:106694000025002b09d03000fff7fcfb736835752b
:1066a40075707575b36000e00125fff795fcd7e7b9
:1066b40080140020c0140020f8b530232a4c0500b3
:1066c400e35c0e00002b09d13823e35c012b01d0dd
:1066d400012439e0fff7c8fc0028f9d0002e30d09f
:1066e4006b1e03332dd82b041b0c042b29d81f49f4
:1066f4005b01ca18d069854223d15b5c002b20d092
:106704005378002b22d0656b002d29d0002704e09c
:10671400a968ad697f18002d22d09542f8d163682d
:10672400a8689b69c71998472369984212d9c01a67
:106734006a6887420bd33b1a9a4207d3c01b1218cc
:1067440005e00124fff748fc2000f8bd0022326078
:106754000024f7e7c01a80235b029c466044e7e705
:1067640000239b68ffdec04680140020c014002074
:10677400302270b5144b05009a5c002a0ad13822e5
:106784009b5c012b02d00024200070bdfff76cfc41
:106794000028f8d06b1e033312d82b041b0c042bd7
:1067a4000ed80a495b01ca18d0690024854208d171
:1067b4005c5c002c05d00023147d1375e4b200e06a
:1067c4000024fff709fcdfe780140020c014002038
:1067d40010b50c0082b0002901d0002802d101209c
:1067e40002b010bd0c4b0200d96800230800002140
:1067f40008f062fb094a002308f000fc00230100b2
:10680400009300220020fff73ffc2060431ce6d0e9
:10681400fff7ccfe0020e3e78014002040420f0085
:1068240010b50c0082b0002901d0002802d101204b
:1068340002b010bd0d4b0200d968002308000021ee
:1068440008f03afbfa220023920008f0d7fb002359
:106854000100009300220020fff716fc2060431c77
:10686400e5d0fff7a3fe0020e2e7c0468014002035
:1068740070b50500fff77cff041e01d1200070bd38
:106884002800fff7e3fdf9e770b5050082b00e00bc
:106894001c1e01d1002801d0002a04d10124644225
:1068a400200002b070bd0b4b0021d868002308f013
:1068b40003fb094a002308f0a1fb00940100330004
:1068c4002a000020fff7e0fb0400431ce8d0fff798
:1068d4006dfee5e78014002040420f0070b505000e
:1068e40082b00e001c1e01d1002801d0002a04d160
:1068f40001246442200002b070bd0c4b0021d86812
:10690400002308f0d9fafa220023920008f076fb5b
:106914000094010033002a000020fff7b5fb0400b7
:10692400431ce7d0fff742fee4e7c0468014002092
:020000040000fa
:1069340030b580240025640083b00443a5202100e1
:10694400400107f07df8a52001a94001019507f059
:1069540073f80028f2d1019ba342efd103b030bdfc
:10696400002300b583b001a90120019307f064f866
:10697400022301990b4201d103b000bd99430120c8
:10698400019107f05df8f7e7002300b583b001a992
:106994001148019307f050f8002801d003b000bd5e
:1069a4008021019b490019430b48019107f048f8e5
:1069b4000028f3d1d02001a9400107f03df80028b8
:1069c400ecd18021d020019b49021943400101915f
:1069d40007f036f8e2e7c04608140000002330b59b
:1069e400002183b02248019307f02af80021040013
:1069f400204807f025f8002104191f4807f020f863
:106a0400e4b2241801a91d4807f016f80121019bde
:106a1400e4b2194324181948019107f011f8e4b2bb
:106a24002418a02001a9400107f006f8e4b2019b54
:106a34002418e4b25a050fd48021a020c9001943b8
:106a44004001019106f0fcff0500012008f048fc1c
:106a5400641960b203b030bda02009494001194057
:106a6400019106f0edff2418e4b2019be4e7c0466f
:106a74000c000c008c100000ac0702001811000080
:106a8400fffbffff30b5274d83b02c68002c02d0ec
:106a9400200003b030bd80202900400106f0ccff67
:106aa400002802d000232b60f2e701a91e4806f05b
:106ab400c3ff0028f6d12b681c4a934217d01c4a06
:106ac400934209d01b4a93421ad01b4c2340a02462
:106ad400e4021c432c60dbe7019c032c1fd0043c24
:106ae400631e9c41154b9c4664442c60d0e7019b7b
:106af4005c1e631e9c41124b9c4664442c60c7e799
:106b0400ec202900800306f097ff0028cad1a024b6
:106b14002a68094be40213401c432c60b8e7094c73
:106b24002c60b5e794180020f4130000a0021000b4
:106b3400b0021000f0001000fffff0ffb1021500da
:106b4400a0021500b002150000b583b001a90548e4
:106b540006f072ff002802d1019803b000bd0020a6
:106b6400fbe7c046f413000010b5fff78bff054b9d
:106b74000005000d984200d810bd0349034806f0f3
:106b84005ffff9e7af020000ce6984b7481e00003a
:106b940070b5084d0126280006f04affb0430400f2
:106ba4000100280006f04cff21002800314306f0c4
:106bb40047ff70bd2814000010b5064c200006f0f5
:106bc40037ff04210143200006f03afffff7e0fffe
:106bd40010bdc0461c14000010b5012482b002e0b0
:106be400019b234207d001a9102006f025ff0028ad
:106bf400f6d002b010bd01a9013006f01dff002837
:106c0400f7d1022301990b4206d099430120019147
:106c140006f016ff0028ecd101a90b2006f00cffaa
:106c24000028e6d1012301990b42e2d099430b20bd
:106c3400019106f005ffdce7002370b5012182b065
:106c44000b20019306f0fcfe041e02d0200002b0cb
:106c540070bd0221012006f0f3fe041ef6d10320cc
:106c640008f03efb0525042601a90f2006f0e4feea
:106c7400041eebd1019b334208d10220013d08f0f0
:106c84002ffb002df0d104246442dfe706f0cafe96
:106c9400dce7c046002330b583b001a91548019351
:106ca40006f0cafe0121019b040019431148019119
:106cb40006f0c6fe0419a02001a9400106f0bcfe9e
:106cc400e4b201992418e4b24b0502d460b203b0d3
:106cd40030bda020084b40011940019106f0b0fee0
:106ce4000500a02001a9400106f0a6fe28182018de
:106cf40040b2ece718110000fffbffffa02010b525
:106d04000021400106f09cfe0400322008f0e8fa5d
:106d1400200010bd70b5060002e0012008f0e0fa82
:106d2400304806f085fe0028f7da2f4806f080fe8a
:106d3400c30714d48024012008f0d2fa2b4806f0ab
:106d440077fea4012a4d08e0012008f0c9fa013cad
:106d5400264806f06dfe002c40d0a842f4d1022e45
:106d640027d0032e30d023492348042e13d006f015
:106d740067fe0024fff786fe204b0005000d9842b5
:106d840013d902202043fff7d3fd1d49174806f00d
:106d940057fe002070bd06f053fefff773fe174b3d
:106da40000058024000d9842ebd82000fff7c0fdb9
:106db400ebe71449144806f043fe80210e484903ca
:106dc40006f03efe0024d5e70e490f4806f038fed3
:106dd4000021094806f034fe0024cbe70520404298
:106de400d8e7c04614100000bc0702000c000c00d9
:106df4009ed0ad10771330138c1000009f03000059
:106e0400612f52ef7dd51c3cac07020010b5164b28
:106e140082b00093154b02380193012803d8144b18
:106e24000093144b019380240020a40108e0022065
:106e340008f056fa013c009806f0fafd002c0fd039
:106e4400019b8342f3d1019a084b00249a4202d059
:106e5400200002b010bd0021034806f0f1fdf7e761
:106e640005246442f4e7c0468c1000003626530221
:106e7400ac070200c3c15dd7a020002300b583b0d6
:106e840001a94001019306f0d7fd002807d1a020f5
:106e9400019b044940011940019106f0d1fd03b062
:106ea40000bdc046fffbffff30b583b005000c00fa
:106eb400094801a906f0c0fd002809d10123019960
:106ec400ab40002c06d199430348019106f0b8fd6c
:106ed40003b030bd1943f7e70801020030b583b0b1
:106ee40005000c00094801a906f0a6fd002809d1f7
:106ef40001230199ab40002c06d199430348019129
:106f040006f09efd03b030bd1943f7e7000102000f
:106f140030b583b005000c00064801a906f08cfdcd
:106f2400002804d1019a0123ea401340237003b0de
:106f340030bdc0460401020030b583b004000d002a
:106f4400084801a906f078fd002807d10199002d11
:106f540006d121430348019106f072fd03b030bd10
:106f6400a143f7e72c1400000023f0b587b0060016
:106f74000d001a4801a90493059306f05dfd041e53
:106f840006d0002d01d000232b70200007b0f0bde7
:106f9400c0270198bf023843082204a906f054fd13
:106fa400041eeed16b46588a002810d001900622a8
:106fb40002a9384306f048fd0622040002a9300065
:106fc40008f0a8fb002de0d001232b70dde734701e
:106fd4007470b470f47034717471d2e708000c00ea
:106fe400002370b586b0060001a9114804930593e7
:106ff40006f022fd041e02d0200006b070bdc0259c
:107004000198ad022843082204a906f01dfd041ec0
:10701400f2d16b46188a02a901900622284306f091
:1070240013fd0622040002a9300008f073fbe3e715
:0470340008000c0044
:020000040000fa
:10703800f0b5050085b00aac3d352778edb201ac56
:1070480020700c2d63d8334ead007559af46ff2321
:1070580005216370013bff3b63802f4b1b78002b9e
:107068002cd14f1ee6197f3322002c4d00e01078fa
:107078005b0043400132eb5cb242f8d15b00e35560
:10708800200005f09bfb01235840404240b205b068
:10709800f0bd0b0adbb2002f02d080256d422b43d6
:1070a8006370130ee370130c2371130a63711a4b88
:1070b800a1701b78a2710821002bd2d00139c9b266
:1070c800dee70b0adbb2002f02d0802252421343c4
:1070d80063700023a170e3700521bee70a0c62709b
:1070e8001a0c49ba22711a0a61806271a3710821c7
:1070f800b3e70b0c12ba49ba637061800292092196
:10710800abe70b0c49ba618063700521a5e7012044
:107118004042bce718d000002d1600204cd00000db
:10712800f0b583b06b4607000e00dd1dcf2814d0e4
:107138000a240121280005f063fb002808d02b78d9
:10714800bb4211d0002e0fd1013c64b2631cf0d1b8
:1071580001246442200003b0f0bd0121280005f09d
:107168004ffb0028e4d1f3e70a2408e02b78002b32
:107178000cd0002e0ad1013c64b2631cead0012174
:10718800280005f03dfb0028f0d1e1e70024e1e705
:10719800f0b55746de464e4645460023e0b583b077
:1071a80099466b4683460f009246dd1c80223b1ca5
:1071b8009201974200d9131c9bb298460a240f26c5
:1071c8000121280005f01cfb002830d02b78b343a0
:1071d800f02b18d0013c24b2631cf1d15346002b8c
:1071e80025d058464146484405f00afb00281ed0e1
:1071f8004b4643441bb299464346ff1abfb2002f81
:10720800d4d1002015e0002ce8d058464146484427
:1072180005f0f6fa00280ad05246094b1b781343aa
:10722800e6d1022101a805f0ebfa0028e0d10120ff
:10723800404203b03cbc90469946a246ab46f0bdde
:107248002d16002000b5012083b008f047f8002370
:10725800002200930021cf20fff7eafe0021cf2073
:10726800fff75eff012008f039f803b000bdc04603
:10727800f0b5c64600b5070084b08846ff2833d865
:10728800c4231e1c0025ff230a24bb426d41f6b20d
:1072980000950423002239003000fff7c9fe0028ba
:1072a80016d129003000fff73bff002810d12a0033
:1072b800042103a8fff76cff002809d14346039a6d
:1072c8001a6001220a4b5a7004b004bc9046f0bd03
:1072d800013ce4b2fff7b6ff002cd9d10122062009
:1072e800034b40425a70efe7ca231e1ccae7c04648
:1072f8002d160020f0b5ce46474680b5060083b06f
:107308008946c323302800d9c923dbb29846002513
:1073180030230a24b3426d41009504234a463100c4
:107328004046fff785fe071e12d1a0235b019e424f
:1073380005d029004046fff7f3fe002808d10122b6
:10734800094b5a70380003b00cbc90469946f0bd02
:10735800013ce4b2fff776ff002cddd101220627bd
:10736800014b7f425a70ede72d16002030b50c4cca
:1073780083b06578012d03d00620404203b030bdac
:1073880000230022637000210093cf20fff750fef6
:107398000021cf20fff7c4fe65700020eee7c0464d
:1073a8002d1600200122014b5a7070472d1600201f
:1073b80070b500252a4c84b0667802952570012e98
:1073c80006d00123237006256d42280004b070bd45
:1073d80002a924486570fff74bff00280ad063789c
:1073e8002670012befd102a91e486570fff740fff8
:1073f8000028e8d123786578002b0fd17c220299e8
:1074080091432c3a11430291012ddcd11548637048
:10741800fff770ff0028d6d125706578012dd2d1ed
:107428008020002301a940016370fff721ff051e9a
:10743800c9d163780390012bc7d1607003a90948ab
:10744800fff716ff702303999943203b194363788c
:10745800012bbad103486570fff74cffb5e7c0466a
:107468002d16002024e800000022024b00201a708c
:107478007047c0462d160020002300b5074a83b088
:1074880051780193012902d0180003b000bd01a969
:107498005370fff7edfe019bf6e7c0462d1600205e
:1074a80010b5064b5a78012a02d00620404210bd7a
:1074b80000225a70fff7dcfef9e7c0462d160020bf
:1074c80010b5064b5a78012a02d00620404210bd5a
:1074d80000225a70fff70efff9e7c0462d1600206c
:1074e800f0b54e464546de4657460023e0b5244de6
:1074f80085b003ae33806b7881468b469046012b6e
:1075080008d00620404205b03cbc90469946a246a9
:10751800ab46f0bd00236b70012a21d092460f00c4
:107528000a2400230022009349465346c820fff747
:107538007ffd002819d10021c830fff7f1fd002890
:1075480013d1002241463800fff722fe00280cd153
:1075580001236b70b742d6d15a463b781370d2e7f5
:10756800022337009a469846dae7013ce4b2fff76f
:1075780069fe002cd5d1012306206b704042c2e77a
:107588002d160020f0b5de464e4657464546e0b576
:10759800464b89b099465b78049003919346012b3a
:1075a8000ad006235b429a46504609b03cbc904636
:1075b8009946a246ab46f0bd00234a4653705b4647
:1075c800012b3fd005930a27b846002300220093d9
:1075d8000499059bc720fff72bfd00283cd100210b
:1075e800c730fff79dfd8246002835d107af3880a8
:1075f8005d4600261de02c00f32304aad3729446ae
:107608000b2363440121180005f0d8f8002823d083
:10761800039b2100981905f0d1f800281cd04b468f
:107628001b78002b12d02d1ba619adb236b2002d37
:1076380020d08024a401a542ddd9f123002edcd07e
:10764800f223dae7022305939b46bce702213800c0
:1076580005f0b4f80028e6d1fff7f4fd4346013bf6
:10766800dbb29846002bb0d101234a465370073b42
:107678009a4699e74b461b78002b13d10221022426
:10768800380005f0bdf80028e6d03f197b1e1b78ae
:10769800002be1d1023f3b78c32bddd14a46c23be8
:1076a800537081e703210324eae7c0462d16002022
:020000040000fa
:1076b800002370b50e0082b0110005001e4801932a
:1076c80006f0bcf9ff22310c1204330209061340fc
:1076d800090c19430b233606314319430400174894
:1076e80006f0acf9a5212418154806f0a7f9e4b26c
:1076f80024181f21134806f0a1f9e4b22418290020
:10770800114806f09bf9e4b2241885210f4806f0c9
:1077180095f9e4b2241864b202e0019b012b07d06a
:1077280001a90b4806f086f9041964b2002cf4d0bc
:10773800200002b070bdc046080201000c02010022
:1077480010020100140201001c02010004020100e1
:1077580018020100002310b5002182b015480193da
:1077680006f06cf906210400134806f067f90121b8
:107778002418124806f062f9e4b2241800211048cf
:1077880006f05cf9e4b2241881210e4806f056f997
:10779800e4b2241864b202e0019b012b07d001a9ce
:1077a800094806f047f9041964b2002cf4d0200007
:1077b80002b010bd080201000c0201001402010011
:1077c8001c020100040201001802010030b5042166
:1077d80083b00500184806f031f905210400174860
:1077e80006f02cf901212418154806f027f9e4b20f
:1077f80024181449144806f021f9e4b22418812108
:10780800124806f01bf9e4b2241864b202e0019ba6
:10781800012b0cd001a90e4806f00cf9041964b22a
:10782800002cf4d000202870200003b030bd05489b
:1078380006f0fcf8c0b2f6e7080201000c020100ed
:1078480014020100841000001c020100040201005f
:1078580018020100f0b583b005000c001700fff70f
:1078680079ffd0203a002100000306f017f9002321
:107878000021c6b23e48019306f0e0f8ff22290c29
:1078880012042b0209061340090c194302232d0682
:10789800294319430400374806f0d0f80f2124186b
:1078a800354806f0cbf8d021e5b22d180903334846
:1078b80006f0c4f88421edb23f022d183943304850
:1078c80006f0bcf8edb22d186db203e0019b00255f
:1078d800012b07d001a92b4806f0acf84019c4b217
:1078e800002cf3d06b46dd1c2800fff76fff34191e
:1078f800241864b2002c38d1012701e0002c34d1bf
:107908002800fff763ff2b78040006003b40f5d101
:1079180000211748019306f091f804210500154845
:1079280006f08cf801212d18134806f087f8edb2ff
:107938002d180021114806f081f8edb22d1881218b
:107948000f4806f07bf8edb22d186db203e0019bed
:107958000025012b09d001a90a4806f06bf8401947
:10796800c0b20028f3d0801944b2200003b0f0bda3
:10797800080201000c020100140201001c020100af
:10798800040201001802010030b583b00500fff7ba
:1079980077f82b4b0005000d0024984202d82000f0
:1079a80003b030bd01a9274806f044f8041ef6d1fb
:1079b800019b254919400191002d1fd0234b2148d7
:1079c8001943019106f03af80021214806f036f8eb
:1079d800ab21204806f032f801211f4806f02ef8a6
:1079e80000211e4806f02af881211d4806f026f8d5
:1079f8001c4806f01bf80128fad1d0e700211448ea
:107a080006f01cf8b921134806f018f801211248ad
:107a180006f014f80021114806f010f881211048ea
:107a280006f00cf80f4806f001f80128fad1802179
:107a3800019b490219430348019105f0ffffaee796
:107a48009f03000010140000ff8f88f80010110138
:107a5800080201000c020100140201001c020100ce
:107a68000402010018020100f0b58023c646050093
:107a780000b5884617001b029a422ad91c4b0c00f5
:107a8800d6188023f60b1b02f6034344f61880220f
:107a9800d020120221000003fff70afe002802d0be
:107aa80004bc9046f0bd8022d020120229000003b9
:107ab80005f0c8ff0028f3d18022120294460d4b2e
:107ac80065444344db191b1b6444b442dfd11f00e7
:107ad800a046d0203a0041460003fff7e9fd002800
:107ae800ded1d0203a002900000305f0abffd7e72c
:107af800ff7fffff0080fffff0b5c646ff2500b5fa
:107b080007000e0014000d40002a2bd0002d15d0c0
:107b180080235b005b1b98469a422ad99ab23900a7
:107b28003000fff797fe00281cd144451dd3013cc7
:107b3800ff3c2c1947444644002c16d080235b0098
:107b4800984603e07f197619641b0ed0250044453a
:107b580001d980256d00aab239003000fff77afefe
:107b68000028efd00c20404200e0002004bc9046e2
:107b7800f0bd92b2d3e7c046f0b5ce46474680b5d1
:107b880083b06b468946dc1c00238144237048453a
:107b980061d20a30050000279846fff7dbfdc019bf
:107ba800c6b22000fff712fe434630180021c6b2c5
:107bb8002c48019305f042ffff22290c1204090604
:107bc8002b021340090c19432b06194320230700e5
:107bd8001943254805f032ff3818c7b20f2123484a
:107be80005f02cff3818c7b20021214805f026ff00
:107bf8003818c7b284211f4805f020ff381847b24b
:107c080003e0019b0027012b09d001a91a4805f0c0
:107c180011ffc019c0b20028f3d03618f6b2200000
:107c2800fff7d4fd301847b2002f15d1012601e027
:107c3800002f11d12000fff7c9fd237807001e424d
:107c4800f6d10e4a802394465b01eb186544a9459a
:107c580002d91d00a1e70027380003b00cbc9046ec
:107c68009946f0bd080201000c020100140201004f
:107c78001c0201000402010018020100f60f0000b6
:107c8800f0b5224d83b02868002801d003b0f0bdbc
:107c9800019004211e4805f0d1fe9f2104001d48d3
:107ca80005f0ccfe012124181b4805f0c7fee4b2fc
:107cb80024181a491a4805f0c1fee4b22418812193
:107cc800184805f0bbfef627e4b2241864b2ff3763
:107cd80005e0013f002f0ad0019e012e09d001a91d
:107ce800114805f0a7fe0419e4b2002cf1d0286869
:107cf800cce70a4805f09afe431e0333f7d8000282
:107d0800000e1138864030002e60bfe7841a00202c
:107d1800080201000c020100140201008410000096
:0c7d28001c02010004020100180201000e
:020000040000fa
:107d34007047c046002200b5084b83b001a908482b
:107d44009a7005f079fe002806d10221019b0448af
:107d54001943019105f074fe03b000bda41900207d
:107d64007010000010b5094c6378002b02d1237801
:107d7400002b05d1002063780133dbb2637010bda2
:107d8400fef75aff0028f5d0f9e7c046a4190020f1
:107d940010b5044b9b78002b02d1fff7e3ff10bd15
:107da4000020fce7a4190020014b18707047c0465e
:107db400a4190020014b1878c0b27047a419002000
:107dc400044b5a78002a03d05a78013ad2b25a7036
:107dd40000207047a419002010b5094b5a78002ad6
:107de40003d05a78013ad2b25a705a780020002a45
:107df40002d11b78002b00d110bdfef7edfefbe78e
:107e0400a419002010b5084c00212822200007f0f6
:107e14008bfc06f011fd28230122e25406f010fd2c
:107e2400024b0020e36110bda4190020357d000041
:107e340070b5084ca378002b09d1fff793ff050018
:107e440028220021200007f06ffc280070bd0025c7
:107e5400f6e7c046a4190020f0b5de464e46574664
:107e64004546e0b528258bb0029314ab039204cbae
:107e74007a4c1b8881469b4616ab1b880e000193e7
:107e8400924606f0d9fc635d002b06d106f0d8fcbf
:107e940006f0d2fc635d002bf8d0013b635506f07d
:107ea400cffc7f2306af33407b704b463b70534679
:107eb400002b00d176e0019a5b4694460833634474
:107ec4009bb2674a7b80934268d8a278002a05d186
:107ed400fff748ff8046002820d17b88002204a9b0
:107ee4008d1d494608922a800792079a360211434b
:107ef4000791079a1b0416430796079a5948134398
:107f04000793079905f09cfd8046002816d06378f6
:107f1400002b03d06378013bdbb2637006f08cfc6a
:107f24002822a35c0133a35406f08afc40460bb01c
:107f34003cbc90469946a246ab46f0bd022207904f
:107f4400079b494813430793079905f079fd804639
:107f54000028dcd1089028802a88444b9a422cd8e7
:107f6400f423ff3398460be00226079b1e401dd0e6
:107f74002b8801339bb22b802a883c4b9a421cd815
:107f840007a9394805f058fd002816d12b88434528
:107f9400ead901302b8807f0a3f9e5e701235b4216
:107fa4009846bbe7029b08339bb28ae708a930488e
:107fb40005f042fd804600284dd1089b002b44d09b
:107fc400089b082209930998390005f069fd804649
:107fd40000289cd1099b03990833099300290cd0ec
:107fe400029d09982a0005f05bfd8046002800d018
:107ff4008de7ac46099b634409935346002b11d08b
:108004000299019b099a5b1a9b18099309985a468d
:10801400514605f045fd8046002800d077e7099bce
:108024005b4409930222089b12489b000793079b19
:1080340013430793079905f003fd8046002800d0f9
:1080440065e7fff7c9fe804668e7fff7c5fe03232f
:108054005b42984662e7089659e7c046a419002097
:108064003c0600008c10000078100000e7030000bc
:10807400000415006c10000070b528254b4c84b02a
:1080840006f0dafb635d002b06d106f0d9fb06f09f
:10809400d3fb635d002bf8d0013b635506f0d0fba6
:1080a40001a9434805f0c8fc051e03d10126019926
:1080b4000e420ad106f0c0fb2822a35c0133a3546c
:1080c40006f0befb280004b070bdb14338480191ee
:1080d40005f0b6fc051eedd1019ba6709e04360d7d
:1080e40002d102256d42e5e7039003a9314805f06a
:1080f400a3fc051eded1039b042202a918006360c1
:10810400a66005f0a1fc051ed4d16b465b899e4296
:1081140002d0f61a042e29dc06f08efb2822a35c7a
:108124000133a35406f08cfb6b461b7a012b20d041
:10813400022b23d0042b26d0062b29d0072b2cd09e
:10814400052b2fd1636a002b09d0636a6946684600
:108154004989039a0839083289b2407a9847a37842
:10816400002bafd0fff7e6fd0500abe706256d4217
:10817400a0e7e368002bf2d0e368e7e72369002b6c
:10818400edd02369e2e76369002be8d06369dde79a
:10819400236a002be3d0236ad8e7a369002bded03f
:1081a400a369d3e706256d428ce7c046a4190020d5
:1081b4007010000084100000f8b51d0000281ed0c7
:1081c40000291cd0002a1ad00f4ca3689a4218d850
:1081d4006368834215d86368a7681618db199e4242
:1081e4000fd805f031fc00280dd16368a2689b18f4
:1081f4009e4201d0002d06d0fff79cfd03e0002d28
:10820400fad10c204042f8bda419002007281fd839
:10821400114b80001b589f460020104b99617047fa
:108224000e4b0020d960fae70c4b00201961f6e7e9
:108234000a4b0020d961f2e7084b00205961eee7b0
:10824400064b00205962eae7044b00201962e6e776
:108254000c204042e3e7c04634f50000a419002096
:020000040000fa
:1082640030b51400a3b06a2828d06b2839d07228fe
:1082740007d0742805d0762845d078285bd023b061
:1082840030bd002308220193029301a90133200089
:10829400fff792ff0028f2d16b46187a002802d12a
:1082a4005a7a2f4b1a702f4ca368002be7d02c4a14
:1082b4001178019a98470023a360e0e70023102275
:1082c40001a920000193029303930493fff774ff21
:1082d4000028d4d1234b1b68002bd0d001a8984789
:1082e400cde70023042201a920000193fff764ffd6
:1082f4000028c4d11b4b5b68002bc0d06a4651795f
:1083040010799847bbe78422002101a807f00cfaf2
:108314000123842201a92000fff74eff0028aed1db
:10832400104bdb68002baad069466a46887992888c
:1083340002a99847a3e700232000019304220133f4
:1083440001a9fff739ff041e99d1064d2b69002bb3
:1083540000d194e76a46107998472c618fe7c046ac
:10836400831a00202c180020014b18787047c0464f
:10837400831a002000b50a4b85b0586019600420a8
:1083840008499a60fff742ff0023002202930193f9
:10839400009371210420fff75ffd05b000bdc046c6
:1083a4002c1800206582000010b584b0040007f08a
:1083b40049f90022013083b20292019200926421b1
:1083c40022000420fff748fd04b010bd002300b5cf
:1083d40085b0029301930093002265210420fff7e6
:1083e4003bfd05b000bdc046002300b585b0029337
:1083f40001930093002265210420fff72dfd05b0b1
:1084040000bdc04630b5d7b0050007f01bf983b2f4
:108414000400fe2b40d8a4220021520004a807f037
:1084240083f92204120c290005a807f073f91c4ce7
:10843400237dda070ad51025a2216a4602204900c5
:108444005219525c02436846401942549b0717d4a0
:1084540018344021200007f001f92100020045a84a
:1084640007f058f90022a42302925b0001920092c3
:10847400f92104aa04200493fff7eefc57b030bda1
:108484001020a2226b46402152001b189b5c0b4318
:10849400694609188b54dbe70f204042eee7c046db
:1084a4002c180020002300b585b00293019300939b
:1084b400002269210420fff7cffc05b000bdc046af
:1084c400002300b585b0029301930093002270212c
:1084d4000420fff7c1fc05b000bdc046002300b571
:1084e40085b0029301930093002268210420fff7d2
:1084f400b3fc05b000bdc04670b50500fff748fced
:10850400041e01d0200070bd280002f041fd0400cb
:10851400fff762fcf6e7c04630b585b004000d00f5
:1085240007f090f883b2002d1ed0002b1cd000045d
:10853400000c20180278002a13d101339bb20022c8
:10854400732102920192009204202200fff784fc1e
:10855400002804d1ff22064b9d60064b1a7005b01b
:1085640030bd00220270eae70c204042f7e7c04623
:108574002c180020831a002030b51d000f4b104c1e
:108584001b7885b0a165e265834213d1ff2b11d01e
:10859400002d0fd000232200029301930093583240
:1085a400083375210420fff757fc002800d1e5604b
:1085b40005b030bd0f204042fae7c046831a0020c0
:1085c4002c180020f0b5c646060000b50d001700b3
:1085d4009846ff2838d0002936d0fbf7b9f801288f
:1085e4002fd11b4c216e002902d0636e002b09d1c0
:1085f4002200210064326031412005f0cffe0028c2
:108604001cd1216e04222800fff730fa002815d16e
:108614002b78b34212d1636ebb4212d9434510d3b7
:108624004246ba1893420cd980235b019c46216ec2
:1086340042466144c9192800fff718fa04bc904661
:10864400f0bd0c204042f9e70f204042f6e7c04657
:108654002c18002000b50d4a85b01378834211d13f
:10866400ff2b0fd0ff2313700023094a042011614c
:10867400d36077210293019300930022fff7ecfb70
:1086840005b000bd10204042fae7c046831a00201e
:108694002c18002070b50d00140000291dd0002aec
:1086a4001bd0002819d0022810d9042815d1402a3b
:1086b40013d8080006f0c6ff421ca2420dd10e4892
:1086c4002900183007f026f8002008e0042a04d115
:1086d4000b68002b0ad0012b02d00f20404270bd42
:1086e400054b1a7d104318750020f8e7024a137de4
:1086f400834313750020f2e72c18002070b50d0099
:108704001400002919d0002a17d0002815d00228f7
:1087140016d9042811d1114e40211836300006f024
:108724009dff2368013082b2934206d32260310058
:10873400280006f0efff002001e00f20404270bd4a
:108744001368032bf9d904231360044b1b7d1840d1
:10875400431e984108600020f1e7c0462c18002011
:020000040000fa
:10876400f0b59bb013930b6815900a938b680d9129
:108774000b930b694d681893cb68029313680893a5
:1087840053680898069300220023069906f075fca6
:1087940000280dd10a9b5b073bd408200a9b0340a9
:1087a40009930b9b0393099b002b0fd0202306e016
:1087b400802212069446069b634406932d23029a54
:1087c40013700b9b013b039301230993069b0899a8
:1087d4005b005b08924a00291dd193421bd1029988
:1087e400139b8c46099a413b624410008d49192b16
:1087f40000d98d4907f009f8029806f023ff0a9b77
:108804000200009302990b9b159805f05fff1bb0c3
:10881400f0bd2b23d3e7934203d80ed1089b002b42
:108824000bd00299139b8c46099a413b6244100079
:108834007e49192bded97e49dce700220023089803
:10884400069906f07dfd00267a4f002400283ed1cb
:10885400040002e00134049e059f0022764b3000a0
:10886400390003f0effe089a069b0490059106f088
:10887400e5fb0028eed00023049320e06f4b9c42dc
:1088840014da049b002b11d100226d4b0898069931
:1088940003f0d8fe6a4b089006913000390000229c
:1088a40003f0d0fe012306000f00049330003900ca
:1088b4000022614b05f05efa06000f00013c320015
:1088c4003b000898069906f0d8fb0028d6d11398e7
:1088d40006f08effc3b20c93002d00da94e10493ea
:1088e400672b00d0b2e0002d00d189e1231d02db0b
:1088f400ac4200daa6e06523b6e0002200230e9223
:108904000f9303e106960797049b2600652b00d07e
:108914001ae1002618e1129b002b0bd1002e09da74
:10892400029a14992e335354039b0137013b03934a
:1089340001231293ea193b009446302102e0029a83
:10894400d15401339c45fad1039aeb19551b029a71
:1089540030305f1cd0546b1e0393002521e00d9b27
:1089640014971b691093053bbb4200d8f5e0069aa7
:10897400079b08980e9905f0fdf905f01dfb109072
:10898400119106f02afc092800dd092010230a9a17
:1089940013400343bfd10c9b672bbcd1002ec9da13
:1089a40001358020000684460e99089a61440b0024
:1089b4001098119900920193069a079b06f010fff4
:1089c40080231b06cb1808900e9306980799002263
:1089d400194b05f0cff9013e06900791b9e00a9bc7
:1089e400db0600d4bde02e23029ad3550137b8e04c
:1089f40020000a2105f0defb029b3031013d595570
:108a040020000a2105f08cfb039b0400013b039327
:108a1400b7e0029b03991a5c5b181a540138e0e032
:108a24000000f07fb4f70000b8f70000bcf70000c6
:108a3400c0f700000000f03f00002440d4feffff18
:108a440000005043002c0eda66230493049b013586
:108a5400662b0ad1002c02da002600246d4f0c9bf1
:108a6400672b00d02d1966230493089b0e960f974d
:108a74001293069b1093002314930e9a0f9b129843
:108a8400109905f077f905f097fa1690179106f00a
:108a9400a4fb19908020000684461099129a614420
:108aa4000b0016981799009201930e9a0f9b06f0eb
:108ab40097fe80231b06cb18129010930e980f99e3
:108ac400554b002205f056f9149b0e900f9101337b
:108ad40014939d42d1d10022504b03f0b3fd0e906c
:108ae4000f9102000b001298109906f0c6fa0028a4
:108af40000d002e70e9a0f9b1298109906f020fc02
:108b0400002803d0199bdb0700d4f6e60e9a0f9bce
:108b14000898069903f016fa002208900e913e4b2d
:108b24003000390003f08efd089a0e9b06900791e1
:108b340006f0a0f9002800d1e4e6049b0134662b7a
:108b440000d0e1e626000135731b0025099f16932a
:108b54001295169b9e4200d001e7129b002b00d178
:108b64003de70026029bdb1906931e70049b652bd0
:108b74002ad1189b5d1e029b5e55b44201da644201
:108b84000136002c00d033e7189beb1a0333002b7b
:108b940000dd2de76a1e2d23002e00d1023b029931
:108ba400023d8b54139b413b192b01d8452304935d
:108bb400029b5919049b0b70039b023b0393af4226
:108bc40002da069806f021fe03230a9a1340022bc8
:108bd40000d011e6039b002b00dc0de6029806f0a2
:108be40031fd099b834200dc13e7029a302194464d
:108bf40063441800039a06f097fd00230b93fbe5ea
:108c0400012573e6062571e60c9b672bfad00493c5
:108c140006251be70000f03f00002440000014403c
:020000040000fa
:108c240030b514009db0062805d0072825d00128aa
:108c340011d01db030bd0023042269462000fff787
:108c4400bbfa0028f5d13c4b1b68002bf1d06946d8
:108c540006309847ede70023702269462000fff7ad
:108c6400abfa0028e5d1344a1368002be1d0703404
:108c74005460694601309847dbe7002308226946bf
:108c84002000fff799fa002823d16b469a88d888e8
:108c940059881b78002a02d10125284c2570121806
:108ca4008a4226d0012bc4d05ab2002a34d0022bd7
:108cb4002fd0032b15d0214b1a78022ab9d00422c5
:108cc4001a70b6e7fd201d490a78023a024200d024
:108cd4000b70194b1b68002babd018490720984721
:108ce400a7e7fd2015490a78023a0242a1d00b7089
:108cf4009fe7012bedd05ab2002a16d0022b11d0d7
:108d0400032bdfd00d4b1a78022ae2d004221a700a
:108d1400dfe70a4a13708ce7084b1978012900d061
:108d240087e7cde7054a1370d3e7044b1978012987
:108d3400cfd11a70cde7c046541a0020471a00203c
:108d4400002210b5054b064918605a60054b0432e1
:108d540005201a70fff75afa10bdc046541a0020b5
:108d6400258c0000471a0020702300b585b00192bd
:108d740000910200029382210520fff76df805b0ef
:108d840000bdc046f0b557464e464546de46cb1cb0
:108d94009b089bb29946c023e0b5804687b00f007c
:108da400db00994219d8384b4a4603800023bfb2ee
:108db40042808380c2808421029300900197002323
:108dc40000220520fff748f88346584607b03cbc0c
:108dd40090469946a246ab46f0bd0100082204a87d
:108de40006f098fc4246284ba026138043464a4688
:108df4005a80002342469380a02241465200f60046
:108e0400ca80052002930091002300228421019648
:108e1400fff722f8082204a9404606f07bfc002351
:108e24009a463400083c44440822210004a806f071
:108e340071fca023bd1bdb009d4200d91d00032350
:108e440003359d43104b002223804b466380f31c63
:108e54009b08a380eb1c9b08e380534602932b00e2
:108e640008339bb201938421002300940520fef76c
:108e7400f3ff76198346082204a9200006f04afc71
:108e8400b742ced8a1e7c046c86e0000f0b5c646ca
:108e940000b55a4c0500606882b00e001700984671
:108ea400002800d1a6e0002d16d0002914d0002af5
:108eb40012d0002b10d0089b002b0dd0099b002b47
:108ec4000ad06946002302220631fff775f900280b
:108ed4000fd00c256d4201e00f256d4201230022c5
:108ee40000210020fff768f9280002b004bc904676
:108ef400f0bd6b466946db8802221b0a2b7063684f
:108f04000631981c00236060fff756f90028e0d171
:108f14006b466946db885bba9ab2cb80202ad8d8e4
:108f2400402209998b52694663683e3a981c023183
:108f340000236060fff740f90028cad16b466946f8
:108f44005b885bba4b8039889ab29142c1d33b802b
:108f540063680222981c01a900236060fff72cf9c2
:108f64000028b6d16b4669469b885bba8b8008990a
:108f74009ab209889142acd3089a0999138063681c
:108f8400981c6b46da8800236060fff715f9002807
:108f94009fd16b460999da8863682031d018002381
:108fa4006060fff709f9002800d092e76b46d88883
:108fb400636831009c466b4660445a8800236060b5
:108fc400fff7faf8031e00d083e76a465088626808
:108fd400414694466a46604492886060fff7ecf824
:108fe400051e00d075e762686b4694469b8863440f
:108ff400636079e70c256d4276e7c046541a002079
:1090040070b520241500402684b003aa1480123cb5
:109014006c442680019300942b00fff737ff04b0c3
:1090240070bdc0460f4b10b55c68002c17d00028eb
:1090340012d00a00002301002000fff7bdf8041e2f
:1090440001d1200010bd0c24644201230022002120
:109054000020fff7b1f8f4e70f246442f5e70c248d
:109064006442eee7541a002010b5012300220021c7
:109074000020fff7a1f810bd10b5fff7f5ff10bdf4
:109084000022014b5a607047541a0020002300b597
:1090940087b0059002930193009305aa0433052138
:0c90a4000520fef7d9fe07b000bdc04655
:020000040000fa
:1090b000f8b505000e00002000211700fbf768f846
:1090c000431c08d0bc234268d458002c03d03b007a
:1090d00032002900a047f8bd431e10b5033311d854
:1090e0004368002b0ed08078002809d0987b002898
:1090f0000ad1a4241951a8215a50a222985410bd73
:109100000120fce70220fae70820f8e7431e0333ba
:109110000cd84368002b09d08278002a06d0a122ff
:109120009a5c002a02d0a422985800e000207047e0
:10913000431e033310d84368002b0dd08278002ad9
:1091400008d09a7b002a09d1ac201950a221002016
:109150005a5470470120fce70220fae70820f8e79c
:10916000431e033310d84368002b0dd08278002aa9
:1091700008d09a7b002a09d1b0201950a2210020e2
:109180005a5470470120fce70220fae70820f8e76c
:10919000431e033311d84368002b0ed08278002a77
:1091a00009d09a7b002a0ad10120a23298540020cb
:1091b0001632995070470120fce70220fae7082098
:1091c000f8e7c046431e03330cd84368002b09d090
:1091d000a222985c002804d1023298584342584198
:1091e000c0b270470020fce710b5441e03340fd80e
:1091f0004468002c0cd08078002807d0b42021507f
:10920000b8216350a8230020e25010bd0120fce7e4
:109210000220fae7421e0300033206d880780028b5
:1092200002d05a68a123d05c70470120fce7c046f9
:1092300070b51e00431e0d0004001100033312d848
:109240004368002b0fd0002d0dd083780120002b18
:109250000ad0074a2800fcf713fd002805d1bc23db
:109260006268d65000e0022070bd0820fce7c046ce
:10927000b1900000431e70b504001500033318d8e8
:109280004368002b15d08278002a10d0a0269b5d61
:10929000002b10d100290cd00800fff7b5f80028ea
:1092a00009d1012263689a55c3329d5070bd0120d7
:1092b000fce70220fae70820f8e7c046431e10b595
:1092c00003330dd84368002b0ad08278002a05d0da
:1092d000a0229b5c002b05d1002000e0012010bde6
:1092e0000220fce7fff7eef80028f5d00820f6e7ab
:1092f00000b5431e83b0033319d84368002b16d042
:109300008278002a11d0a0229b5c002b11d101236e
:10931000594001919c3a01a90120fff7bdf90300d2
:109320000020002b05d103b000bd0120fbe7022087
:10933000f9e70820f7e7c04600b5431e83b00333c2
:1093400015d84368002b12d08278002a0fd0a022b3
:109350009b5c002b0bd1043301aa694601200193c9
:10936000fff7cef9002802d1019b042b02d0002088
:1093700003b000bd009b581e431e9841c0b2f7e7e2
:1093800030b5431e83b00c00033326d84368002b4e
:1093900023d08278002a1dd0a0229b5c002b17d1fd
:1093a00000291cd001330800019306f04df9451c3b
:1093b000042201a90220fff76ff9002808d12a0032
:1093c00021000430fff768f903000020002b02d0d1
:1093d000082000e0012003b030bd0220fbe701912e
:1093e000014c0125e4e7c0465bf8000000b5431ed0
:1093f00083b0033315d84368002b12d08278002a3b
:109400000fd0a0229b5c002b0bd1043301aa69462c
:1094100002200193fff774f9002802d1019b042b6d
:1094200002d0002003b000bd009b581e43425841ab
:10943000c0b2f7e7431e70b504000d0003330fd828
:109440004368002b0cd083780120002b00d170bd25
:10945000fff72af8002805d1c8236268d550f6e73f
:109460000220f4e70820f2e7431e70b504000d0067
:1094700003330fd84368002b0cd083780120002bd6
:1094800000d170bdfff72cf8002805d1c823626811
:10949000d550f6e70220f4e70820f2e710b5431ca8
:1094a00004d00800fcf7fcf8002010bd0220fce707
:1094b00010b5431c04d00800fcf7f8f8002010bddc
:0494c0000220fce7a3
:020000040000fa
:1094c400144b00211800144a203030b5197059602b
:1094d4009960197319745961996119775063180067
:1094e4003f25403090630d480324506151550c4989
:1094f4004d2051640b49198401211970145451559c
:10950400094d5564094d1d861974094b1454138073
:1095140030bdc046981800200048004181818181f7
:10952400000680000904000000058000090800000e
:10953400020f0000f0b54646d6464f462c4cc0b547
:1095440006019046a219127b2a4fd2b294463f22ba
:10955400bd5cb8540f32ba5c8a46edb2920703d1af
:1095640067460022002f2fd14e2291464946214fb3
:109574004b3a7a54a719023a3a733a8c52052cd4ce
:109584005246a1197a620a8c12052dd542469a18c0
:109594008a62a419228c40219205920fd3409bb277
:1095a40063840224134a535c23435354546c536c12
:1095b40038399b049b0e21400b4304d10123834083
:1095c40011690b43136101223f230a491000cd5452
:1095d4001cbc90469946a246f0bd52469918796241
:1095e400a1190a8c1205d1d442468a62d1e7c04639
:1095f4009818002000480041094b020130b59b181f
:109604003f24197b4e23074a155d1055d05c4b3b14
:10961400034058424341edb258420840155530bd0d
:1096240098180020004800413f21094b5a5c5854c7
:1096340001200f315b5cd2b2dbb2184205d15b086a
:1096440018403f230249ca5470470220f9e7c04634
:10965400004800413f23402130b50224094ad55c2b
:10966400d054535cedb2a34353543e343e39135d9e
:109674000b40fcd104490001081803733f33d5544f
:1096840030bdc0460048004198180020044b00013a
:109694001a1840331b18528c5888101a80b270471d
:1096a400981800203f2210b5064b074c995c98543b
:1096b400586cc9b204408020400420435864995433
:1096c40010bdc04600480041fffffffc3f2210b51b
:1096d400064b074c995c9854586cc9b204408020de
:1096e400800420435864995410bdc046004800418a
:1096f400fffffffc03010248c0184160826070470d
:1097040098180020034b000120331b18188880b2de
:109714007047c046981800203f2370b540240225a6
:109724000a4ad65cd054135df6b2ab4313553e35aa
:109734003e3c535d1c42fcd1054b000120331b18f9
:1097440089b219803f230120d65470bd00480041de
:10975400981800200421034b1a888a431a80002297
:109764005a8070470048004184b0029104210e4b96
:1097740003921a8820308a431a8000225a80039a5e
:10978400000201929a6002aa11780c2289000a4010
:10979400fc21890108400421104358801a880a4397
:1097a4001a8004b07047c04600480041014b9868d5
:1097b4007047c0460048004170b584b002920393dc
:1097c4008b0737d102250226890804231e4a1488f0
:1097d4009c43002314805380039b0193936002ab4a
:1097e4001c780c23a40023401d43802304245b0025
:1097f4002b4353801388002523431380012400291d
:109804000ad0002e0cd1435d5360137b1c42fcd064
:1098140001351473a942f4d10b4b986804b070bda0
:10982400012e03d0ab00c3585360eee76b00c35a5c
:109834005360eae7cb0703d4490801250126c4e7ae
:1098440000250026c1e7c0460048004100200f2340
:1098540070b5194a82b00190118c4e250b403f21fe
:10986400545c5354515de4b2c9b201910221019e8a
:1098740031421cd05155114a1b01d11808730130d3
:109884000121019d294206d04e200b4d2954002070
:10989400d11808730230d3185a68002a02d0996884
:1098a4005b6898473f23044ad45402b070bd022039
:1098b400024a1b01e4e7c046004800419818002012
:020000040000fa
:1098c4000c4b1a6801321a605a68002a03d09a684d
:1098d40059688a4202d900229a6070475968013255
:1098e4009a608a42f9d18021034a0901d161082191
:1098f400d161f0e70000002000440041f0b5144cb1
:10990400144d83b06359002b03d1134e337b002bca
:1099140001d003b0f0bd3700103701a9380002f0c0
:10992400edf9019b002b02d101333373f1e7010000
:10993400200002f00bf960510028ead1074b1b7894
:10994400002be6d00121380002f0fcf9e1e7c04623
:10995400400600209c080000000000202f16002074
:109964007047c04630b50c4c83b0283401a92000a0
:1099740002f0c4f9050001f04dfa002802d0019b61
:10998400002b01d103b030bd044b01211b8d2000fd
:109994002b7002f0d7f9f5e700000020001c00420c
:1099a40010b50c0001f0b2f9431e98414042044046
:1099b400200010bd7047c04610b5044b0a00283380
:1099c4000100180002f0f2f810bdc04600000020ab
:1099d400014b00211868704700000020064b10b5a9
:1099e4001c6803f0bdfd63011b1b9b001b19db00fe
:1099f4001818002110bdc04600000020f8b507006b
:109a0400fff7e6ff002600250400fff7e1ff001b37
:109a1400a9418e4201d18742f7d8f8bdf8b50700b5
:109a2400fff7dcff002600250400fff7d7ff001b2b
:109a3400a9418e4201d18742f7d8f8bdf0b5de4680
:109a440057464e464546e0b583b004f0b7fe03f0f2
:109a540055f9ff23ff220021002003f065f903f0ec
:109a640077f9002004f0e4fc00217d4803f0a8fd10
:109a740003f04efd7b4805f0fbfc7b4c0c232000df
:109a840080221030794902f071f8002862d1200058
:109a9400012328308022764902f068f8002859d141
:109aa4000423744a744e917d30000b43937501f086
:109ab400c3ff002800d0c6e0300002f011f8051ef4
:109ac40000d0c6e06d496e4805f052fd64216d4832
:109ad40005f04efd10216c4805f04afdfa216b4853
:109ae400c90005f045fd2a0069490c2003f064fe15
:109af40080228021674b1201490365609a61996154
:109b040049019961090999615a61fa235b0063600b
:109b14006b469f1c05f088fe5f4bf2589046002a66
:109b240014d1237b002b24d125001035280002f00a
:109b3400c3f801a9002852d1280002f0cbf805f09f
:109b440073fe554bf2589046002aead0f158534818
:109b540005f00efd00238022802163604d4b12012d
:109b64009a6152029a61890352019a6199615a6118
:109b7400fee74b4805f07cfc4346636080231b01f1
:109b84009a46444d5246ab615b02ab619b465b0116
:109b94009946ab611b09ab616a614a4641486a61f7
:109ba400fff72cff002240490c2003f005fe2000a3
:109bb400103001f0f7ff4246354922730c20002291
:109bc40003f0fafdfa2352465b006360aa615a4629
:109bd4008023aa614a469b03aa61ab619ae72800e5
:109be40002f078f8019b0500002b93d001239846de
:109bf400a52342463b70274b01211b6a38009b0872
:109c04009a4313006a46d37001f080f80c212800af
:109c140001f07cf86b460121d81c01f077f83b7801
:109c24000121db4338003b7001f070f82000019bf8
:109c34001030013b0121019302f074f8019b0c35b3
:109c4400002bd5d166e7144b1848f15805f090fc69
:109c540080e7114b1648f15805f08afc7ae7c046b4
:109c6400c5980000e0ce0000000000204000002065
:109c7400e00e0020001c00424006002044cf0000fb
:109c840050cf000064cf000084cf0000b8cf0000a4
:109c940001990000004400419c080000e4cf00004a
:109ca40008d000008813000065990000f8ce000079
:049cb40018cf0000c5
:020000040000fa
:109cb80000220a4b1a621a779a60da608823084ae7
:109cc8009b025360d369002bfcd117331373054be8
:109cd8001360034ad369002bfcd170474819002050
:109ce800001000420e00300070b50a00050000297f
:109cf80000d1214a0221214c23688b430021236093
:109d08001f4bd9609960e369002bfcd1002d2ed040
:109d1800296853080020994208d90221174a136874
:109d28000b431360d369002bfcd170bd49001000b0
:109d380004f0c4fb2368134a696813402360ab68c6
:109d480022680b43134301382360ff2811d80721e9
:109d58000a4ac0b2107353688b4353605368e9686a
:109d68000b435360d369002bfcd10120d5e70020b9
:109d7800d3e7ff20ebe7c046006cdc02001000428e
:109d880048190020ffffffcf014b18625962704746
:109d980048190020074a9168107fd368c0b20b4366
:109da80001d100207047044b1b7e9b07fad4012089
:109db800f8e7c0464819002000100042034b187eff
:109dc8000123400858400123184070470010004202
:109dd800f0b5544c0600207fc0b2002842d10029bb
:109de80042d0002e40d0504d6f6807253d40012dd0
:109df80000d181e0266062606061a0612061a1609d
:109e0800002a45d0e36001222277474a117e49079c
:109e180004d50420916a117e0842fbd10420424aed
:109e2800518b014380205183117e01431176a26832
:109e3800e1688a4202d2e168891a21613a49486890
:109e480040072cd1a06982423fd9226812788a62e1
:109e5800a2690132a261002b1cd00422324b0120de
:109e68009a7500e00020f0bd002bfcd0002afad043
:109e78002d4d6f6807253d40012d38d00020266004
:109e880062606061a0612061002eb8d1a660b9e768
:109e9800e260b8e70122244b01209a75e3e7a26843
:109ea8005208a260226952082261e2685208e26000
:109eb800a068a269904211d922681288d205d20df1
:109ec8008a62a2690132a261c5e72269002ac2d06a
:109ed800ff228a622269013a2261bce72269002acc
:109ee800b9d0124a8a622269013a2261b3e700298d
:109ef8000cd1dd07c2d5b6e70d42b4d1002b08d18d
:109f0800266062606361a361236178e72942f0d02b
:109f1800a9e71d40a7d1266062606561a56125613a
:109f28006de7c0464819002000100042ff010000fc
:109f380010b500230022fff74bff10bd10b502003b
:109f48000b0000200021fff743ff10bdf8b54b4c74
:109f58004b4b606a9a7d002a2ed007215d686269a2
:109f68000d40a669a1688c46197e49070fd59f6ade
:109f7800e16891420bd9511c002d39d16568af5465
:109f880001221d7e2a423ad01a750a0018e00121e2
:109f98003b4b1f7e394210d12c23e35c3849626168
:109fa800a661097e89073bd5002b05d0e36893425b
:109fb80029d00222324b9a75f8bd1975002d34d17b
:109fc800a368b3423bd92368995d2d4b013699624a
:109fd8002369002b01d1664545d02c23e168e35c59
:109fe8009142dbd1012526498d7503350d75d5e7dd
:109ff80065685200575301221d7e2a4213d12c2333
:10a008000a00e35ccae7002307212c251c4a2377b2
:10a0180011756355236a002bced0236a9847635d78
:10a02800002bc6d1c8e71a750a00a368b34210d935
:10a0380023687100c95a124b01369962c8e723692f
:10a04800002bc5d0ff210e4b99622369013b236188
:10a05800bee72369002bbbd0094b0a4999622369e3
:10a06800013b2361b4e701212c33e154044b6261c5
:10a07800a6611b7e9b0799d49be7c0464819002020
:08a0880000100042ffff000080
:020000040000fa
:10a09000f0b5c646431e00b504000e00170003339a
:10a0a00017d84568002d14d0002912d0002a10d0ee
:10a0b0008378002b30d0ab7b002b2fd004f0befb7d
:10a0c000d4239846eb5c002b07d104f0bbfb0d209a
:10a0d00000e0022004bc9046f0bd4246013bab5478
:10a0e00004f0b0fb2b00ff22d4335a7000225968d1
:10a0f0009a613000fef712fa0c3011d0f823626832
:10a10000d75004f09bfb43464246eb5c0133ab5413
:10a1100004f098fb0020dde70120dbe70820d9e709
:10a1200004f08cfb43464246eb5c0133ab5404f035
:10a1300089fb0820cee7c046f8b51f00431e040087
:10a140000d001600033311d84368002b0ed00029f0
:10a150000cd083780120002b09d004f06ffb2b7802
:10a16000002b05d104f06efb0d2000e00220f8bdad
:10a17000013b2b7004f066fb63681a00d432aa42dc
:10a180002ed16a78ff2a2bd0f82200219950002e78
:10a1900005d0069aee612a61079a2f626a61aa6960
:10a1a000002a1ad11b791b0723d46a69ab68802a5d
:10a1b00000d9802268782969fef7e0f900282bd1c0
:10a1c000f82362680899d15004f038fb2b780133ea
:10a1d0002b7004f037fb0020c9e729698a42e1d8d7
:10a1e00004f02cfb2b7801332b7004f02bfb0220a6
:10a1f000bde70120fdf7ccfb00280dd16878079b57
:10a20000069a3100fef7e0f904000020fdf7c0fbdc
:10a21000002801d1002cd7d004f010fb2b7801339b
:10a220002b7004f00ffb0820a1e7c046f8b5431ed1
:10a2300004000e001700033311d84368002b0ed022
:10a2400000290cd083780125002b09d004f0f6fa00
:10a250003378002b06d104f0f5fa0d2500e0022535
:10a260002800f8bd013b337004f0ecfa6368073551
:10a270001a7915401ed1d4339e4212d17078ff282e
:10a280000fd0f168fef7e8f90c3015d0f8236268ba
:10a29000d75004f0d3fa33780133337004f0d2fa94
:10a2a000dee704f0cbfa337802250133337004f093
:10a2b000c9fad5e70825d3e704f0c0fa33780825b2
:10a2c0000133337004f0befacae7c046f0b5ce469b
:10a2d000474680b5431e85b004000e00033317d8ef
:10a2e0004568002d14d0ff2912d083780120002b5f
:10a2f00004d105b00cbc90469946f0bdd42704f0bb
:10a300009dfaeb5d002b05d104f09cfa0d20f0e7df
:10a310000220eee7013beb5504f094fad423994672
:10a32000a9444b465b789846ff2b1ed163681b7986
:10a330001b0727d500234a464146936151700120ef
:10a3400000930193fdf724fb00282ed101aa694652
:10a35000412004f025f800281ad00020fdf718fb52
:10a3600000282bd14b465b78984604f067fad4223c
:10a37000ab5c0133ab5404f065fa00204645b8d11c
:10a380004846b6e7fdf7f2ff4b4680465870ece7cb
:10a3900002ac082200992000fdf76afb4a462378a8
:10a3a00053704b46039a9a61d7e704f047faeb5d86
:10a3b0000133eb5504f046fa08209ae704f03efa20
:10a3c000d422ab5c0133ab5404f03cfa082090e794
:10a3d00070b5041e01d1200070bd050004f02efaf6
:10a3e0002378002b03d104f02dfa0024f3e7013b7e
:10a3f000237004f027fa6378ff2b08d0a46904f0d7
:10a400001dfa2b7801332b7004f01cfae3e70024cb
:10a41000f5e7c04670b504000d00160000280cd00a
:10a4200000290ad0002a08d004f008fa2378002b6b
:10a4300005d104f007fa0d2000e0022070bd013bb9
:10a44000237004f0fff96378ff2b01d0e5612662e9
:10a4500004f0f4f923780133237004f0f3f90020b9
:04a46000ece7c0461f
:020000040000fa
:10a46400f0b5a226855d89b00400002d03d1a42790
:10a47400c359002b0dd10120f8f782fd002821d10a
:10a48400a22301220125e2540233e050280009b03e
:10a49400f0bd0020f8f774fd0028f7d1ac23e35891
:10a4a40002a80493b023e3580393e3590293a82327
:10a4b400e35801930693f8f755fd0028e6d1a55516
:10a4c4000135e3e70025e1e7f0b545464e46de46b3
:10a4d4005746e0b59846431e8db004000d001600a3
:10a4e40003331dd84368002b1ad0002918d0837871
:10a4f4000120002b06d10db03cbc90469946a246e3
:10a50400ab46f0bd0021280001f0d6ff002876d02c
:10a51400002e07d0042233789343013b012b01d949
:10a524000220e8e72823eb5c9946013bdbb2fd2bd4
:10a5340001d9ff2399466068fff792ff00284dd0a8
:10a544002723ea5c0023002a01d02b002133019346
:10a55400202301af7d60eb5c3b724b467b72002e87
:10a564003ed075786b425d4133786d00012b38d055
:10a57400022b74d0052b44d0062b2fd1331d9a46c1
:10a584008123f35c002b7bd004ab994601234a461c
:10a59400537753465c215046049305f0cff84b465d
:10a5a4000130586053464a46c31a938205f04af86c
:10a5b4004b46d8824b46f26e39009a60726f28007f
:10a5c400da60b26f1a614a46336f1383f36f5383b1
:10a5d4008023f35c1377f8f75bfb06e006208ae739
:10a5e400002539002800f8f74bf90028f6d18c2211
:10a5f4004146636899501532987398547be7092053
:10a6040079e7331d9a466e23ff33f35c002b57d052
:10a6140004ab994601234a46d37453465c21504601
:10a62400049305f08bf84b460130586053464a4674
:10a63400c31a938105f006f84b46d88133004a4685
:10a6440069339360b5235b00f35a39001382b62350
:10a654005b00f35c28009374f8f788fac5e7337954
:10a664000536402b24d004aa9146002204924a467f
:10a67400566013724a4639002800f8f71df9b4e70a
:10a6840004aa914640215046537705f057f84b46ab
:10a694005246834604905a60002829d004f0d2ff21
:10a6a4004b46524698825b469b1a4a46d38281e7c0
:10a6b40004ab994600234a46049653601372d9e7c3
:10a6c40004aa914640215046d37405f037f84b460e
:10a6d4005246834604905a60002810d004f0b2ff1a
:10a6e4004b46524698815b469b1a4a46d381a5e75e
:10a6f4009882504604f0a6ff4b46d8825ae79881c8
:10a70400504604f09fff4b46d88197e7431e70b52f
:10a7140004000d00033319d84068002816d0a3782c
:10a72400002b11d0837b002b14d1fff799fe002856
:10a734000ed0f8f797f800280ad18c2263689d5050
:10a7440015329873985400e0012070bd0220fce794
:10a754000620fae70820f8e7431e10b50400033387
:10a7640015d84368002b12d08278002a0dd09b7b29
:10a77400002b0ed0f8f7d4fb00280cd1a12263687b
:10a78400987398544d3a985410bd0120fce7022068
:10a79400fae70820f8e70720f6e7c046431e10b59d
:10a7a400033314d84368002b11d08378002b0cd0ca
:10a7b40001290ed0022910d0f8f7e8ff434258418e
:10a7c400052340429843063010bd0120fce70220d7
:10a7d400fae70020f8f7c2fff0e70120f8f7beff20
:04a7e400ece7c04698
:020000040000fa
:10a7e8000023f0b506001500b1b00791039307994f
:10a7f8000b78002b00d10ce101235b420c9310abca
:10a8080000240e9380230b940d940f930b5d002b63
:10a8180001d0252b2ad1002c06d02200300004f0cc
:10a8280049fc079b1b190793079b1a78252a00d018
:10a83800e4e0013304930793022301219c46102787
:10a84800079803782b2b1ad025d8202b1ad0232b26
:10a858001dd02a2b28d004f0affb0d90079b1a7847
:10a86800303a092a31d801330793f7e70134cde7a5
:10a878000b9b05930b4301300b930790e0e70423f0
:10a888000b9a0fe00b9b0593059a08230ae00b9b94
:10a8980005933b43efe72d2bead0302bd9d1624605
:10a8a8000b9b05931343e6e72b6801301a1d1b68c1
:10a8b80007902a600d93002b07da0b9a5b420592ea
:10a8c800012205990d934a400b920b9bda0702d59a
:10a8d800022293430b93079b1a782e2a0ed100224b
:10a8e800581c0c9207905a782a2a27d102330793ca
:10a8f8002b681a1d1b682a6005930c9307a804f09f
:10a9080085fc079b0700187804f070ff692800d1c0
:10a9180082e034dc632800d1dbe01adc252800d192
:10a92800e8e0612858d0049b012207930023524293
:10a938000c920b930d9300930232e5e004f03cfb7c
:10a948000c90079b1a78303a092ad7d80133079315
:10a95800f7e7642860d06728e5dc2a00390008a8f2
:10a9680004f031fd002800d1afe0079b0ba95a1c69
:10a9780007921b7808aa3000fdf7f0fe3de070282a
:10a9880000d17de016dc6e2800d197e06f28cad18f
:10a998002b000022390008a803f0acfa002800d1e7
:10a9a80093e0079b08aa01330ba93000079304f032
:10a9b80056ff22e0752840d078284fd07328b2d1ae
:10a9c800802f00d081e0079b2a6801330793131d6d
:10a9d8002b601268002388e02a00390008a804f0d8
:10a9e800f2fc002800d170e0079b0ba95a1c0792c3
:10a9f8001b7808aa300004f034ff2418039b1c19a4
:10aa0800a34200dc82e04f22414b1a6001235b42e3
:10aa18000393039831b0f0bd2b000122390008a838
:10aa280003f068fa002850d0079b08aa01330ba945
:10aa38003000079303f018fbdfe72b0000223900f2
:10aa480008a803f057fa00283fd0079b08aa01334b
:10aa58000ba93000079304f043f8cee72b0000223f
:10aa6800390008a803f046fa00282ed0079b5a1c84
:10aa780007921b7808aa0ba9300004f0f2febce785
:10aa88002b000022f02108a803f034fa00281cd07b
:10aa9800079b099a01330793089b13430cd11d4f59
:10aaa800380004f0cdfd390002000b9b00930d9b8c
:10aab800300003f009fea0e77823dbe7039b3900a9
:10aac8001a1908a82b0003f0e7fe079b0133079328
:10aad80094e7802ff9d1079b013307932b681a1d40
:10aae8001b682a6008aa137001230ba9300004f020
:10aaf80023f882e7802fe8d10122079b01330793cf
:10ab08000b9b049300930d9b0349d1e703946ee6d6
:0cab1800901a00203cf8000042f80000f9
:020000040000fa
:10ab24008022064b1a76793a5a831a7e520704d544
:10ab340004211a8d1a7e1142fbd17047001c004279
:10ab4400094a0a4b13600a4b9381c0239b0253604a
:10ab5400d369002bfcd1022113680b431360024a12
:10ab6400d369002bfcd17047001c00420401104043
:10ab74002bf6ffff00487047006cdc02f8b5041e9a
:10ab840040d003680020002b3bd00a1e44d000278d
:10ab94001e001801884237d9d80088424dd8590b75
:10aba400d804002304f02afa8027404280b2ff012f
:10abb40002212f4b1a688a431a60da69002afcd1f1
:10abc400988118682b4a0434104062cc3843022917
:10abd4002ad080246404204318605a6826482943f4
:10abe40002400a4332435a60214ad369002bfcd104
:10abf400022113680b4313601d4ad369002bfcd157
:10ac04000120f8bd0020fce7190b1805002304f00f
:10ac1400f5f9404280b2cbe7184a002711001e0024
:10ac240018018842b8d8efe747222900186058680d
:10ac34003143904301435960d6e75800c3188b420f
:10ac440013d83000390080197941801979410b04f7
:10ac5400050c1d43060430002900002304f0cef93e
:10ac64008027404280b23f02a2e7002700209fe7ee
:10ac7400001c0042ff1ffff0b8dfffff006cdc0286
:10ac8400072310b5054a548b1c4004d0528b134241
:10ac940001d0fff745ff200010bdc046001c004254
:10aca4000223054a11680b4205d111680b43136056
:10acb400d369002bfcd17047001c00420223054ad3
:10acc40011680b4205d0116899431160d369002bb8
:10acd400fcd17047001c00428023044a5b02516887
:10ace4000b435360d369002bfcd17047001c004216
:10acf400044a054953680b405360d369002bfcd1c7
:10ad04007047c046001c0042fffffeff70b50028dc
:10ad140017d0002500290ed001240b4a137e1c42b3
:10ad2400fcd0072356683340012b06d0435d1385be
:10ad34000135a942f2d1012070bd6b00c35a1385bd
:10ad4400f6e70020f8e7c046001c00420120024b51
:10ad54001b7e18407047c046001c00420121034a74
:10ad6400137e1942fcd080b210857047001c00424b
:10ad7400024b187e8007c00f7047c046001c00427b
:10ad84008023044a9b0251680b435360d369002b10
:10ad9400fcd17047001c0042044a054953680b402b
:10ada4005360d369002bfcd17047c046001c00429d
:10adb400fffffdff70b505000c00002821d0144be7
:10adc4005b8b5b071fd10020002c1fd00421104a8d
:10add400137e1942fcd00723568b334211d1566897
:10ade4003340012b09d0138d2b5401308442efd111
:10adf400201a44426041c0b204e0168d4300ee5272
:10ae0400f3e7002070bdfff78bfedce72000efe7df
:10ae1400001c0042024b187e4007c00f7047c0461a
:10ae2400001c0042014b188d80b27047001c004288
:020000040000fa
:10ae3400002370b582b0040001a92448019302f0f4
:10ae4400fbfd019b224a0600934234d00f25190cc6
:10ae54008ab2100a12092a40294022729ab26172f7
:10ae6400110a12092a402b4021716271a371e07109
:10ae7400fbf708fe0023ff2123842279a379120221
:10ae84002b4013436279206012010a401343607a15
:10ae9400e279054012021543227a120111400d4a4b
:10aea4000d43954201d90d2676420b4a934209d9a6
:10aeb400300002b070bd01a9084802f0bdfd019b3d
:10aec4000600c3e70d267642f2e7c046ac0702004f
:10aed400c3c15dd77713000076130000481000004b
:10aee400002330b585b0041e0193029303933fd031
:10aef4000021282204f018fc01a9224802f09cfd3c
:10af0400002836d10198002838d0c025ad02284346
:10af1400082202a902f098fd00282ad16b469889dc
:10af2400019000282ad028432822210002f08cfd19
:10af340000281ed10f232179a27909021a400a435d
:10af44006179ff30090101400a43657ae1792b40b8
:10af540009020b43217a090108400343002a0dd05a
:10af6400002b0bd008498b4205d8084b9a4202d9d2
:10af7400002005b030bd0d204042fae70c204042cd
:10af8400f7e7c04608000c007713000076130000b2
:10af9400002370b584b0041e01930293039348d038
:10afa4000021282204f0c0fb01a9254802f044fd39
:10afb400002836d10198002838d0c025ad02284396
:10afc400082202a902f040fd00282ad16b46d88944
:10afd4000190002830d028432822210002f034fdbb
:10afe40000281ed10f23ff252179a27909021a40d6
:10aff4000a436179667a090129400a43e1793340b9
:10b0040009020b43217a09010d402b43002a0dd07c
:10b01400002b0bd00b498b4200d90d380a4b9a42b6
:10b0240001d904b070bd0d204042fae70c20404223
:10b03400f7e70f204042f4e710204042f1e7c04612
:10b0440008000c00771300007613000010b50020f0
:10b0540002f0defc041e01d0200010bdfcf7a4f9b0
:10b06400fbf710fd000d032801d0fbf713fefcf7de
:10b07400a1f90021014802f0e3fcede7000302001e
:10b0840010b5fcf791f9002002f0c2fc002801d1b0
:10b09400fcf790f910bdc04670b500280ed00478b6
:10b0a400631e032b0ad82000fbf734fe051e0bd0c9
:10b0b40002f0b6fcfcf7daf9280070bd0124200088
:10b0c400fbf728fe051ef3d12000fbf79ffe051eab
:10b0d400eed1023c012cefd9fbf756fc0028ebd053
:10b0e4000500e5e710b50400fff7caff002800d00b
:10b0f40010bd2000fff7d0fffae7c04610b5fbf7fc
:10b10400bbfe041e01d0200010bd02f08bfc002009
:10b11400fcf73cfc041ef6d102f082fc041ef2d1c2
:08b12400fcf7a4f9efe7c046b7
:020000040000fa
:10b12c00181a00201c000000000000007c140020f5
:10b13c000400000000000000b4170020780000009c
:10b14c0000000000f81900201d00000000000000a5
:10b15c00471a00200100000001000000040000005c
:10b16c00541a00200800000000000000a419002060
:10b17c002900000000000000841b002004000000d7
:10b18c000100000016000000d0190020280000006b
:10b19c00000000002d16002002000000000000003e
:10b1ac00831a00200100000001000000ff000000d5
:10b1bc002c1800206c000000000000008c1b0020ec
:10b1cc0002000000010000000008000060150020d3
:10b1dc00cd00000000000000841a002004000000d4
:10b1ec0000000000681300201401000000000000a3
:10b1fc00981800206000000000000000f4160020e9
:10b20c00c000000000000000481900202d000000c4
:10b21c00000000005c1a002010000000000000007c
:10b22c00761900200200000001000000010000005f
:10b23c0080140020e0000000000000003016002008
:10b24c00c4000000000000002f16002001000000c8
:10b25c00010000000100000000000020600f000051
:10b26c00000000006c1a0020080000000000000024
:10b27c007c1a00200700000000000000341a002097
:10b28c001300000000000000881a002008000000d5
:10b29c0000000000881b00200400000001000000da
:10b2ac0001000000901a00200400000000000000c3
:10b2bc00f81800205000000000000000981a002030
:10b2cc006c00000001000000a41a0020a01a00204d
:10b2dc00a41a00200000000025000000680f0020c8
:10b2ec00000400000000000000000000000000004e
:10b2fc000000000000000000000000000000000042
:10b30c00000000006ff800000000000000000000ca
:10b31c0000000000000000006de9000000000000cb
:10b32c000000000000000000000000000000000011
:10b33c0000000000600f0020080400000000000066
:10b34c00641b002020000000010000000100000030
:10b35c0003000000000000000000000000000000de
:10b36c000000000000000000741a0020741a002075
:10b37c000800000000000000781900202c000000dc
:10b38c0000000000941a00200400000000000000df
:10b39c00041b002060000000010000000100000000
:10b3ac00030000000000000000000000000000008e
:10b3bc0000000000000000008dea0000000000000a
:10b3cc0000000000000000001bf800003feb000034
:10b3dc000000000000000000000000000000000061
:10b3ec000000000000000000000000000000000051
:10b3fc00000000000000000000000000481a0020bf
:10b40c000c00000000000000000000000000000024
:020000040000fa
:10b41c0000280cd003780020042b07d8013098406a
:10b42c00030016201840431e9841c0b270470020fc
:10b43c00fce7c046002804d080235b00038000207a
:10b44c0070470220fce7c046002802d04170002063
:10b45c0070470220fce7c046002803d0012303708c
:10b46c00002070470220fce7f8b504000e00150020
:10b47c00002813d0402a11d800290fd00223471dd1
:10b48c00037041220021380004f04af92a003100ef
:10b49c00380004f03bf900202571f8bd0220fce7d0
:10b4ac00f0b54f464646d646c0b51e0008ab1b78d5
:10b4bc0004000d001700994600283cd0002a3ad011
:10b4cc00002938d080235b0098469e4233d8080070
:10b4dc0004f0b4f864282ed805232370231d18001b
:10b4ec00652200219a4604f01bf9280004f0a6f806
:10b4fc0029000200504604f009f969239a46a24437
:10b50c0042460021504604f00bf9320039005046f7
:10b51c0004f0fcf8b5235b00e6525c21280004f033
:10b52c0009f9431e98416e234a46ff33e054013b10
:10b53c00e254002000e002201cbc90469946a24632
:10b54c00f0bdc046f0b54e46de4657464546e0b522
:10b55c0095b099461eab40cb04001b880d009b4652
:10b56c0020ab1b7817000093002841d0002a3fd055
:10b57c00002e3dd000293bd04822002102a804f027
:10b58c00cff87a78bb1c51b2002939db911c8c4660
:10b59c003978884630292bd1e14529db4648a44629
:10b5ac00170044461900a846b246050007e00220e1
:10b5bc00801809183f1a022c34d0002f48d00029cb
:10b5cc00f9d04a780c7850b28b1c0028efda7f2027
:10b5dc000240901c8146002a65d0981800221e78e3
:10b5ec001202013332439842f9d103004846dfe797
:10b5fc00022015b03cbc90469946a246ab46f0bd25
:10b60c007f201040821c9446002853d01900002241
:10b61c0018180b78120201311a438842f9d1030031
:10b62c009444b5e7012a07d91878002804d1587832
:10b63c007f2801d90133013a286802240028bcdb99
:10b64c0002aeb1464844043503604260002fb6d1c7
:10b65c006446062345462370231d180065220021ed
:10b66c00984604f05df8280003f0e8ff290002007a
:10b67c00404604f04bf8049b5646e366059ba667d0
:10b68c0001932367089b5c2163675b462800e36793
:10b69c0004f050f8431e98418123009ae054013b7a
:10b6ac00e2540020a5e71900023f022c00d084e7e9
:0cb6bc000022c1e700226be74cf4000004
:020000040000fa
:10b6c800f0b58c464646d6464f4607219046524a24
:10b6d800c0b55268114008d06246002a00d084e004
:10b6e800002b02d0da0700d582e00200541ea241e6
:10b6f8006446524214404246a446002a00d179e0ea
:10b70800454a127e520705d50425434a946a147e99
:10b718002542fbd10425404a548b2c438025548371
:10b72800147e2c431476002291469c4502d2624630
:10b738009a1a9146002950d10124374d2a7e144285
:10b74800fcd000220027344c67450ed07e1c00290f
:10b7580027d1c55d3700a5620426002b13d1012629
:10b76800257e2e42fcd06745f0d14d46002d29d0cc
:10b77800002924d1ff25a56201256d42aa46042689
:10b78800d144002bebd0257e2e42fcd0a56a9342f3
:10b79800dad9561cb24600290ad14646b554524653
:10b7a800d2e77f003d5a3700ed05ed0da562d3e7de
:10b7b8004646ed055200ed0d95535246c4e7174d28
:10b7c800a562d9e7022214490b7e1a42fcd0012057
:10b7d8001cbc90469946a246f0bd62465208944663
:10b7e8004a4652085b089146a6e7d20700d477e795
:10b7f8000020ede7084a0023147e640700d583e79c
:10b808000425548b2c4380255483147e2c431476b2
:10b81800002291468ee7c04600080042ff01000062
:10b828008023074a9b025360d369002bfcd1033362
:10b838001373044b1360024ad369002bfcd1704781
:10b84800000800420e00300070b50a00050000290b
:10b8580000d11f4a02211f4c23688b432360e369f0
:10b86800002bfcd1002d2ed02968530800209942c6
:10b8780008d90221174a13680b431360d369002bb8
:10b88800fcd170bd4900100002f018fe2368124a6e
:10b89800696813402360ab6822680b43134301387f
:10b8a8002360ff2811d807210a4ac0b210735368d1
:10b8b8008b4353605368e9680b435360d369002b8b
:10b8c800fcd10120d5e70020d3e7ff20ebe7c046f5
:10b8d800006cdc0200080042ffffffcf034b187e1c
:10b8e80001234008584001231840704700080042cf
:10b8f80010b50400002905d0002803d02000fff768
:10b90800dffe10bd0020002bfbd0002af6d1f8e79f
:10b9180010b50023002905d0002803d00022fff726
:10b92800cffe0300180010bd020010b5002000294a
:10b9380005d0002a03d00b000021fff7c1fe10bd7f
:020000040000fa
:10b948000d4a10b51368002b14d00624015f198026
:10b958000824015f59800a24015f99800c24015f43
:10b96800d9800e24015f198119000c311160102152
:10b97800425e5a8110bdc0467c140020f0b5ce4608
:10b98800474680b583b0002b1dd098468b1a90444b
:10b99800140001ad994603e00134b761444512d063
:10b9a8004b467f2240271b191a400b4e23782a70da
:10b9b8006b70022177612800fff7aaff0028ebd1fe
:10b9c8000120404200e000204022034b9a6103b06e
:10b9d8000cbc90469946f0bd0044004130b583b098
:10b9e8001d006b46d81d8023140040225b420b4388
:10b9f80003700b4b01215a61fff78aff00280cd016
:10ba080029002000fff790ff01235840c0b24042b0
:10ba18004022034b9a6103b030bd01204042f7e752
:10ba28000044004110b5fdf7d7ff10bd10b5fdf774
:10ba3800f3ff10bd70b5204b040082b0c01810226f
:10ba4800002103f06ffe882200231201a3501b4936
:10ba58001b4a1c4da1501c491c4a2000a150892199
:10ba68007f22090162501a4962500121194aa154e2
:10ba7800635188231b01e118174af6f747f900219b
:10ba880060512000f6f7a2f86359034363516b46ef
:10ba9800de1d31002000f4f717fc6359034363519e
:10baa8003378472b03d0635901235b426351054b1d
:10bab800e05802b070bdc0468c080000e5b900002f
:10bac800840800009c08000085b900008808000070
:10bad800940800009808000049b9000070b50400f7
:10bae8000021f5f7f3ff174d002163590343635114
:10baf8002000f5f7dffa6359002103436351200062
:10bb0800f5f7f2fa63590821034363512000f5f76a
:10bb18007ffa63590821034363512000f5f7b0fa0f
:10bb28006359034363512000f4f702fd635903434b
:10bb380063512000f4f7b8fd63590343635160591a
:10bb480070bdc0469c08000070b5054d0400296012
:10bb5800f5f7b6f90022034b2a60e050e05870bdb3
:08bb68007c1400209c08000081
:020000040000fa
:10bb7000f8b51f00531e05000e0014001a4211d123
:10bb800080231b069a420dd800290bd008220021e1
:10bb900003f0ccfdac606400013cef606e612c6191
:10bba000002000e00120f8bd0023436003607047df
:10bbb000f8b5040003680f00416806685b1a016964
:10bbc0000b4041680069761a0640a068451e29406e
:10bbd0007518a84200d2461a6569e068ac46414330
:10bbe000150061449a4200d91d000200ae4212d3f2
:10bbf0006a43380003f090fd6068236822691b1acd
:10bc00001340ab4200d92b001b181340bff34f8fda
:10bc100028006360f8bd7243380003f07dfd3000fa
:10bc2000e368aa1b58435a433818616903f074fd4e
:10bc3000e2e7c046f8b5040003680f008168406879
:10bc400066681b1a20682569861b2b4035404e1eee
:10bc50004d1b30402e18cb1a8e4200d90d1a666942
:10bc6000e168b4464843160060449a4200d91e0079
:10bc70000a00b54214d37243390003f04dfd206829
:10bc800062682169821aa3680a409b1ab34200d9ec
:10bc900033001b180b40bff34f8f30002360f8bdfb
:10bca0006a43390003f038fde168721b4a43694377
:10bcb0006069791803f030fde1e7c0460368426827
:10bcc00000699b1a18407047036842689b1a026912
:10bcd00080681340c01a70470268436830b5046931
:10bce000d21a22408468651e2b40d518ac4200d27f
:10bcf000e21a0a60c26840695343c01830bdc046aa
:10bd00004368026830b584680569d31a2b40651e04
:10bd1000e31a2a409d18ac4200d2a31a0b60c368f4
:10bd200040695a43801830bd020030b5456800684c
:10bd30001469401b2040884200d908002d182c406f
:10bd4000bff34f8f546030bd30b50468436802695b
:10bd5000e31a85681340eb1a8b4200d90b00e418f4
:0cbd60002240bff34f8f0260180030bd7e
:020000040000fa
:10bd6c00f0b587b001920022674b684c12184b411a
:10bd7c001500a34200d9c3e003d1654b9d4200d905
:10bd8c00bee00125634c6d4224184d41624a0023ec
:10bd9c002000290003f024f85f4a06000f0000235e
:10bdac002000290003f01cf80292131e08da5a4aec
:10bdbc0094466344029301225242d317b6185f4152
:10bdcc0003200021072280197941002303f008f891
:10bddc000492131e01da07330493504a00233900ee
:10bdec00300002f0fdff390003904c4a0023300074
:10bdfc0002f0f6ff171e04da484bff18039b013bb9
:10be0c0003934749380002f087f90600042800d153
:10be1c00013e444d44497543ef19380002f07cf95a
:10be2c000400192800d1013c6e21404dff316543bf
:10be3c00ed19280002f070f9042800d10138002314
:10be4c003b4f47437f19984204d10133002c01d159
:10be5c0073427341390032223339ff39ff32059175
:10be6c00974203dc3a003b32d3180593a400241804
:10be7c006420c8224643039ba619d91752000023fd
:10be8c000398340003f014f8f517001969410026e3
:10be9c00284bf35cbb4230dd092e04dd012200236c
:10beac00801859410c3e0025234c24184d41002d7f
:10bebc0026d1e121019b049a64309a61059a0236dd
:10becc000137da6158611e61df600901029802f0e6
:10bedc0023f9019b3c219860029802f01df93c214a
:10beec0002f064f9019b029859603c2102f05ef962
:10befc002800019b196007b0f0bdff1a0136c7e797
:10bf0c0001204042f7e7c0468042f100ff84e20185
:10bf1c00007b1dfe80a243c780510100b13a020094
:10bf2c00ac8e00005471ffffb50500004bfaffff0b
:0cbf3c0093feffff02f80000640000808c
:020000040000fa
:10bf4800f0b40125ed070f005f405ad48b4200d1b1
:10bf5800824205d950404240504059404b405940d8
:10bf68004e18760ddf187f0d3bd0741c640529d060
:10bf7800f41b352c26d80e0ddb022b43db0ac90235
:10bf88002943c9121700202c1ed2e741e24057402e
:10bf9800e3415a40a340e3405a40002480185941e5
:10bfa8000ad3b21c520521d0c207012f62411700e3
:10bfb8004008cb0718434908013636054208af4107
:10bfc80060417141f0bc7047203c06d01f00e7413a
:10bfd800e3405f400024012a6741c0186141ebd368
:10bfe800dfe7002eeed129400020ebe701363105ce
:10bff8000020e7e7e742e5d10020c143090dc90465
:10c00800e0e76b400e00871a9e4104d26e40c01bc9
:10c01800b141d21973414e18df18ac0ae642e9d291
:10c02800760d7f0d31d0f41b362ccbd8b4460e0dcf
:10c03800db022b43db0ac9022943c90a012c32d887
:10c0480004d1d4075208df073a435b08ef0a644279
:10c05800904199411ed0002239424dd124194041c6
:10c0680049410124394204d1013400184941394277
:10c07800fad06246a24204d9361b013e3605891918
:10c08800a0e7f10ac90700209ce736429ad10020b0
:10c09800002197e70200224394d0b842ded2010083
:10c0a80020002024e3d1202c13dd203ce24117009e
:10c0b800a240e2405740e3415a40a340e3405a407f
:10c0c800012fbf410137174300227c42984191411b
:10c0d8000ce01700e741e2405740e3415a40a340d3
:10c0e800e3405a407c429041994100220f0303d219
:10c0f800013e241940414941013e36054708ac41fb
:08c1080050417141f0bc704789
:020000040000fa
:10c11000037e70b5033b040046680025012b26d939
:10c12000020001231c324d21b047220005000123eb
:10c130001d324e2166682000b047220005430123ce
:10c140001e324f2166682000b047220005430123bc
:10c150001f32502166682000b04722000543666800
:10c160000123203254212000b04766680543220095
:10c170000123213276212000b047284370bdc046fc
:10c18000f8b516002122825c002a0fd1027e033a04
:10c19000012a0bd9002e15d000254c194d3ce4b2d4
:10c1a000184f072c1bd8a4003a599746002502695e
:10c1b000b24223d349195a19c9b244683300a0477f
:10c1c000002818d10020f8bd2022825c5a55013584
:10c1d000ae42f7d04c194d3ce4b2072ce3d9ae4245
:10c1e000f0d0761be3e7c27ff0e7827feee7427f85
:10c1f000ece7027feae703204042e4e70520404203
:10c20000e1e7c04640ef0000f0b54e464546de4649
:10c210005746e0b598464369894683b0110093427a
:10c220004fd3002a2ad02025ab46013daa46013d26
:10c23000ac464446844465464b462126a718224a0c
:10c240008344824400950191762b2ed01d004d3df4
:10c25000edb2072d0dd8ad005559af46dc46855dd2
:10c26000002d06d1057e033d012d21d9614625789b
:10c270000d7001340133bc42e6d101990b00846892
:10c2800042464946a047002814d00320404211e00e
:10c290001d218c468444e2e71c218c468444dee761
:10c2a000d446dce700998c46d9e725788555e0e748
:10c2b0000b20404203b03cbc90469946a246ab4698
:0cc2c000f0bd05204042f5e760ef0000f3
:020000040000fa
:10c2cc0000b589b003aa0191142301a9022001f041
:10c2dc00affd0100034803f047f90322024b1a702b
:10c2ec0009b000bdcce10000341a002070b5140078
:10c2fc00012a0fd0002a0cd1104d2b78012b17d00e
:10c30c000f4803f0b1f801202856431c09d106232d
:10c31c002b7070bd0b4803f0a7f80222074b1a7064
:10c32c00f7e7f9f7ddfbff236b7006232b70f0e7c3
:10c33c00054803f099f82c70ebe7c046341a00203e
:10c34c0000e20000e0e10000ece1000010b509485b
:10c35c0003f08af8084c200003f086f8074803f035
:10c36c0083f8200003f080f80022054b1a70ff328e
:10c37c005a7010bd10e2000014e2000034e200001c
:10c38c00341a002030b52c4befb005002b4803932a
:10c39c0001f0b6ff2a4c04902378022b44d00dd91f
:10c3ac00042b33d0062b07d126492800fef7aaf917
:10c3bc00002801d1012323706fb030bd002bfbd1bd
:10c3cc00002202210220f9f771f91f496070280040
:10c3dc00fcf7d8fe072307a8237000f077f8002895
:10c3ec00ead10f22194907a800f088f80028e3d1f8
:10c3fc0012a8fff731f80028ded1124b12aa07a9b8
:10c40c002800fef75df80028d6d1d3e710230120d1
:10c41c002056019303ab0093211d00230f22f9f743
:10c42c00ddfa03232370c7e72800fcf7edfe002894
:10c43c00c2d007232370bfe702001a0a50e20000a3
:10c44c00341a0020f9c20000cdc200005ce20000ea
:10c45c00014b18787047c046341a002010b5044cb4
:10c46c0001000f22201d03f051f90423237010bd8d
:04c47c00341a00204e
:020000040000fa
:10c48000202330b5c55c202d15d80733c35c002ba5
:10c490000ad003000022213327301c7801332243c5
:10c4a0008342fad1002a06d00120002902d0681e5a
:10c4b0008541e8b230bd0020fce7c04610b5002839
:10c4c00008d02823c35c0f3bdbb2ef2b02d9fff768
:10c4d000d7ff10bd0020fce7002812d00200002387
:10c4e0002132137053709370d370137153712722dc
:10c4f0008354073a83540832835401328354002012
:10c5000070470220fce7c04670b504000e0015001d
:10c5100000281ed000291cd0202a1ad82022002151
:10c5200003f004f92a003100200003f0f5f820237d
:10c53000e5540833e35c0f3bdbb2ef2b0bd9002152
:10c540002000fff79dff4342584143420920184015
:10c5500070bd0220fce70920fae7c04610b5041eb2
:10c5600024d02130002918d0062203f0d5f8272343
:10c570000122e2542823e35c0f3bdbb2ef2b0ad904
:10c5800000212000fff77cff431e98410823404212
:10c590009843093010bd0920fce727230170417042
:10c5a0008170c17001714171e154e3e70220f1e74c
:10c5b00010b5002810d00b000f3bdbb2ef2b0bd9ce
:10c5c0002823c1540021fff75bff431e9841082335
:10c5d00040429843093010bd0220fce710b5002806
:10c5e00014d0012359402923c154013bc35c0f3ba4
:10c5f000dbb2ef2b08d90021fff742ff434258413d
:10c6000009234042184010bd0920fce70220fae748
:020000040000fa
:10c6100008d1002806d1f54204d801d3002a01d15f
:10c620006d0d09d10020c143090dc904f0bdf9d138
:10c630001242f7d1640df5d00020c14349054908e5
:10c64000a6e000206146f0bdf0b50127ff070e000f
:10c650005e403e40b446be0a4c18dd18f442d7d2c4
:10c66000f542e4d2640decd06d0dead06419c90234
:10c670003943460dc0023143db023b43db0a10b4b1
:10c680008e4685b297b26f43140c6c433e0ca419ce
:10c69000260c2404bfb227439cb26c43a419190c86
:10c6a0006943250ca4b249190d04090c6419000c46
:10c6b00095b245433e0c76193743bfb2360c150c84
:10c6c0004543ad19a6b2240cad192e0437432e0ce8
:10c6d00036199db24543ad19acb22e0c89191d0c0b
:10c6e00045436d182e04290c3443704680b295b230
:10c6f00045433e0c76193743bfb2360c150c454303
:10c70000ad19a6b2ad19240c2e0437432e0c3619e0
:10c710009db24543ad19acb22e0c89191d0c454391
:10c720006d182e043443290c75462d0c90b26843c5
:10c730003e0c80190604bfb23e43070ca0b23f185e
:10c74000120c6a43d019020c80b2240ca4189ab2bd
:10c750006a43121914042043120c89181b0c6b43f2
:10c76000c91810bc01273d05294203d1b619404123
:10c770004941013cff077d0d013d641b0bdb6d0052
:10c78000ac4209da240500254208be4168416141f6
:0ac7900066463143f0bd54e74ee762
:020000040000fa
:02c79a00fee7b8
:020000040000fa
:10c79c00012800d07047074b1a698a4206d05a69a3
:10c7ac008a42f7d15a7e01325a76f3e71a7e013269
:10c7bc001a76efe7f819002010b50f4c0a00230089
:10c7cc0001001033e068f8f79bfc2369013311d0aa
:10c7dc0002f02ef8237e002b06d102f02df802f089
:10c7ec0027f8237e002bf8d0013b237602f024f8a7
:10c7fc00012010bd0020fce7f819002010b5134ce7
:10c80c00030020000a00210082b014300092019035
:10c81c001c310122e068f8f757fb6369013312d031
:10c82c0002f006f8637e002b06d102f005f801f049
:10c83c00ffff637e002bf8d0013b637601f0fcff19
:10c84c00012002b010bd0020fbe7c046f819002003
:10c85c0030b50123002487b002930194039404940f
:10c86c00059401f0e5ff144d2c7601f0e5ff01f085
:10c87c00dfff6c7601f0e0ffe868431c13d06a46da
:10c88c006b6801a901932b7a1375f8f701fb041e51
:10c89c0003d10024200007b030bde868002207490e
:10c8ac00f8f7b6faf6e728880321f8f7d5f9e86027
:10c8bc00431ce4d1ede7c046f81900209dc70000e9
:10c8cc0010b5002808d0054c01000c22200002f005
:10c8dc001dff01235b42e36010bdc046f819002028
:10c8ec0010b501f0a5ff0b4c237e0133237601f02c
:10c8fc00a3ff01f09dff637e0133637601f09cff83
:10c90c00e068431c04d0f8f705fa01235b42e360ae
:08c91c0010bdc046f81900200f
:020000040000fa
:10c92400304b314a30b51a60304a40211a61062230
:10c934005a5401315a5401315a54002244203024ab
:10c94400322501315a5442391954013019540130f5
:10c954001a540130195401301a5403301a54013056
:10c96400195401301954013019540130195401304b
:10c974001954013019540130195402301a54013039
:10c984001a540330195401301a5428381a551a54b9
:10c99400023058551c5404341a5501341a550435c0
:10c9a400133c5c5501355c5501355c55c025173485
:10c9b4001a5501341a5502341a552d0144341d51a7
:10c9c4000b4d10341d5132341955c231bd3c5c54e9
:10c9d40007315a5401315a541a39585404315a54ab
:10c9e40030bdc04600440041480930020f083002ff
:10c9f400080c0000006a704703695a40114059400e
:10ca040001617047006970478161704741617047f7
:10ca1400c161704770b500230125022641600a00f8
:10ca2400da40154204d0c2184032147834431470ea
:10ca34000133202bf3d170bd81607047104a70b56b
:10ca440094461f25430905406344db016c081c1907
:10ca5400260030363278d2b2c0070dd5f020090155
:10ca640082431143c9b23034217001215b19403330
:10ca74001a780a431a7070bd0f2082431143f1e7fc
:10ca84008800820006491f228c4601214309634421
:10ca94000240db019b1840331a788a431a707047ae
:04caa4008800820084
:020000040000fa
:10caa80070b58cb0002828d083793b2b25d84279e3
:10cab8003b2a22d8017917291fd8c5781f2d1cd8e1
:10cac8008478013ce6b20b2e17d800880c4eb04291
:10cad80013d901930b4b00269c466044069001a88d
:10cae8000796089609960a960b9602920391049562
:10caf800059402f053f9431c00d100200cb070bd1e
:10cb08006b07000094f8ffff10b50c0082b00029f5
:10cb180016d0019001a802f051fe0368094aa371da
:10cb280043689446637183682371c368e37003693b
:10cb38000133a370436901206344238002b010bd10
:10cb48000020fbe76c07000030b5431e83b00c00e3
:10cb58001500033319d883780120002b01d103b0c5
:10cb680030bdf6f71ffd00280dd1002c0fd0200096
:10cb780002f066fd2a00c1b22000f6f751fc03005e
:10cb88000020002bebd00820e9e70220e7e72a0085
:10cb9800002101a8f6f744fc431e9841c000dee7d7
:10cba800431e10b503330bd883780120002b00d126
:10cbb80010bd0020f6f7f6fc431e9841c000f7e7c9
:10cbc8000220f5e7431e10b503330cd88378012003
:10cbd800002b00d110bd054bc818f6f7c5fc431e45
:10cbe8009841c000f6e70220f4e7c046807eaa8399
:10cbf800431e10b503330fd84368002b0cd082783e
:10cc08000120002a00d110bd90229950f6f7bcfcf3
:0ccc1800431e9841c000f6e70220f4e73c
:020000040000fa
:10cc2400f0b572b643189c46002949d080220127ea
:10cc34002f4e304d52000723047828e0c046c046ea
:10cc4400c046c046c046c046c046c046c046c046b0
:10cc5400c046c046c046c046c046c046c046c046a0
:10cc6400c046c046c046c046c046c0462a60002be7
:10cc740023d0c046c046c046c046c046c046c04693
:10cc8400c046c046c046c046c046c046013b21001f
:10cc9400194132600f42d1d1c046c046c046c04699
:10cca400c046c046c046c046c046c046c046c04650
:10ccb4002a60c046c046002bdbd101306045bad1a2
:10ccc40080230c4a5b0013606223c046c046c04602
:10ccd400c046c046c046c046c046013b002bf4d106
:10cce400c046c0460122044b1a7062b6f0bdc0466d
:10ccf40018000060140000607c1a0020802110b528
:10cd040007484900fff782fe00220021054b181d49
:10cd14009980827003311a70fff782ff10bdc046fc
:10cd2400004400417c1a0020002803d1024802710b
:10cd3400417183717047c0467c1a00200021034b67
:10cd44001a1d9980002393707047c0467c1a0020f6
:10cd5400002310b50348032103700430fff760ff7c
:10cd640010bdc0467c1a002000b583b06b46d81da8
:10cd7400aa2301210370fff753ff03b000bdc0468f
:020000040000fa
:10cd84008222014b5a60704700400041014b024a25
:10cd94001a8070470040004146a5ffff130010b5fc
:10cda4000a00190002f0b6fc012010bd0b00401a65
:10cdb40040330a5804c19942fbd101207047c04650
:10cdc400034b044a4008d86101201a807047c046ca
:10cdd4000040004104a5ffff0a000b0010b54032db
:10cde400401a1c5810c39342fbd1034b034a490811
:10cdf400d96101201a8010bd0040004104a5ffff45
:10ce0400034b044a4008d86101201a807047c04689
:10ce14000040004102a5ffff0a4b10b5ca180023c9
:10ce2400c02a0dd80a000b004032401a1c5810c307
:10ce34009342fbd1044b054a4908d9611a80012366
:10ce4400180010bd00c07fff0040004106a5ffff91
:10ce54008022074b5200c1180023914205d8054b8c
:10ce6400054a4008d8611a80012318007047c0465b
:10ce740000c07fff0040004105a5ffff1c20044bbc
:10ce84001a8b10401a8b02431a8302221a757047b8
:10ce9400004000410120024b1b7d98437047c0466f
:10cea40000400041024b034a4008d8611a80704791
:10ceb4000040004140a5ffff024b034a4008d861ef
:10cec4001a8070470040004141a5ffff014b024a10
:0cced4001a8070470040004145a5ffff98
:020000040000fa
:10cee0004d616769632057616e6420537472656198
:10cef0006d65720d000000004552524f523a20738a
:10cf0000656e736f7220696e697420726573756cdb
:10cf100074203d2025640a004552524f523a207336
:10cf2000656e736f7220636f6e6669677572617488
:10cf3000696f6e20726573756c74203d2025640adc
:10cf40000000000069636d3432363838000000009c
:10cf500073656e736f722074797065206973202514
:10cf6000730a000073656e736f722073616d706c6d
:10cf70006520726174652073657420617420256476
:10cf8000487a0a00616363656c65726f6d657465ec
:10cf90007220656e61626c656420776974682072c6
:10cfa000616e676520736574206174202b2f2d25b9
:10cfb0006447730a000000006779726f6d657465dd
:10cfc0007220656e61626c65642077697468207296
:10cfd000616e676520736574206174202564445018
:10cfe000530a00004552524f523a20476f74206155
:10cff000206261642073656e736f72207374617454
:10d0000075733a2025640a000a0a0a4f766572721f
:08d01000756e210a0a00c046fa
:020000040000fa
:10d018009a700000ca7000001671000016710000b6
:10d02800e4700000e4700000fa7000000a7100006b
:10d0380016710000167100001671000016710000cc
:10d04800567000000009121b242d363f48415a53e0
:10d058006c657e7719100b023d342f265158434ad0
:10d06800757c676e323b2029161f040d7a73686140
:10d078005e574c452b2239300f061d14636a7178b0
:10d08800474e555c646d767f4049525b2c253e3790
:10d0980008011a137d746f6659504b42353c272e90
:10d0a8001118030a565f444d727b60691e170c0500
:10d0b8003a3328214f465d546b627970070e151c70
:10d0c800232a31384148535a656c777e09001b1270
:10d0d8002d243f3658514a437c756e671019020b50
:10d0e800343d262f737a6168575e454c3b322920c0
:10d0f8001f160d046a6378714e475c55222b303930
:10d10800060f141d252c373e0108131a6d647f760f
:10d1180049405b523c352e2718110a03747d666f0f
:10d128005059424b171e050c333a21285f564d447f
:10d138007b7269600e071c152a233831464f545def
:04d14800626b70792d
:020000040000fa
:10d14c0001230b4a1380d37b5bb2002bfbdb6023e8
:10d15c001380084b002113833b239373064b1960f8
:10d16c0020235373024ad37b5bb2002bfbdb70474b
:10d17c00003000427f3e0000641a00200221044a65
:10d18c0013880b431380d37b5bb2002bfbdb704704
:10d19c00003000420221044a13888b431380d37b56
:10d1ac005bb2002bfbdb704700300042004870473d
:10d1bc000024f4008001044ac0b25071d37b5bb2ee
:10d1cc00002bfbdb7047c04600300042044a054b85
:10d1dc005380d37b5bb2002bfbdb108a80b2704791
:10d1ec00003000421080ffff034a1082d37b5bb2f9
:10d1fc00002bfbdb7047c04600300042034a108313
:10d20c00d37b5bb2002bfbdb7047c0460030004287
:10d21c00044a054b5380d37b5bb2002bfbdb108b9a
:10d22c0080b27047003000421880ffff034a5083e1
:10d23c00d37b5bb2002bfbdb7047c0460030004257
:10d24c00014b186059607047641a00203b2210b5de
:10d25c00054b987b9a73054bc0b21a68002a02d012
:10d26c0059681b68984710bd00300042641a0020b2
:020000040000fa
:10d27c00f0b585b00090019100210391019900292e
:10d28c0009da009c019d00216042a94100900191a6
:10d29c00012149420391002b07da03991000c9437d
:10d2ac0003911900002342428b41009e019f1c00f8
:10d2bc00019b15009c4200d96fe003d1009b9a4260
:10d2cc0000d96ae02100280002f0f4f902900098dd
:10d2dc00019902f0eff9029b21001b1a1a00280099
:10d2ec00029302f0dbf9019b04000d0099424ed829
:10d2fc0002d1009b98424ad8009e019f029a0120bd
:10d30c000021361baf4102f0c9f9029b002b34d02f
:10d31c00eb079c4662466308134300936b0801932a
:10d32c00029b01249c460025019bbb4232d802d1b2
:10d33c00009bb3422ed832003b00009e019f921bf3
:10d34c00bb4192185b4112196b4116001f0001235f
:10d35c005b429c446346002be6d180197941029aca
:10d36c0004000d003000390002f08cf9029a02f032
:10d37c0095f9241a8d4120002900039b002b04d021
:10d38c0003000c0000215842a14105b0f0bd002063
:10d39c000021bae7b6197f41d9e700200021ece75c
:020000040000fa
:10d3ac0030b5bff35f8f62b6c120ff211f4b8000e9
:10d3bc001a581f4c8a433f390a431a501022c02175
:10d3cc001a601a58090422400a431a5040220430a9
:10d3dc001a601d58520425402a431a508022c02539
:10d3ec00d2001a601a582d061202120a2a431a5039
:10d3fc00802212011a60c3229200985820400843e0
:10d40c0098508022c420d2011a6080001a5814400f
:10d41c0080222143d20219501a601a581202120aa1
:10d42c002a431a50802212031a6030bd00e100e03a
:10d43c00ffff00ffbff35f8f62b67047eff3108002
:10d44c0072b6bff35f8f43425841c0b27047c046bb
:10d45c00002803d0bff35f8f62b6704772b6bff37c
:10d46c005f8ffae710b5eff3108172b6bff35f8fe1
:10d47c00002300280ddb1f220b4c104023681e3aa2
:10d48c00c3401340824080202250bff34f8fbff324
:10d49c006f8f002904d072b6bff35f8f180010bdd8
:10d4ac00bff35f8f62b6f9e700e100e0002907d017
:10d4bc00002805db1f2318401e3b8340014a1360e4
:08d4cc007047c04600e100e0da
:020000040000fa
:10d4d40001230c4a1380d37b5bb2002bfbdb8c2330
:10d4e400db001380084b002113833b239373074b0a
:10d4f400196001235373034ad37b5bb2002bfbdb1c
:10d504007047c046002c0042e70300005c1a00206c
:10d514000221044a13880b431380d37b5bb2002b94
:10d52400fbdb7047002c00420221044a13888b4322
:10d534001380d37b5bb2002bfbdb7047002c0042d3
:10d544000048704740420f008001044ac0b2507145
:10d55400d37b5bb2002bfbdb7047c046002c004240
:10d56400044a054b5380d37b5bb2002bfbdb108a50
:10d5740080b27047002c00421080ffff034a1082e3
:10d58400d37b5bb2002bfbdb7047c046002c004210
:10d59400034a1083d37b5bb2002bfbdb7047c0468e
:10d5a400002c0042044a054b5380d37b5bb2002b12
:10d5b400fbdb108b80b27047002c00421880ffff09
:10d5c400014b1860596070475c1a00203b2210b56b
:10d5d400054b987b9a73054bc0b21a68002a02d097
:10d5e40059681b68984710bd002c00425c1a002043
:020000040000fa
:10d5f4000022044b1a609a60034a5a6004221a609b
:10d604007047c04610e000e07fbb0000012000220c
:10d61400044b1968814319609a601a6802431a60be
:10d624007047c04610e000e000220121024b9a60de
:10d634001a680a431a60704710e000e00121024aa8
:10d6440013688b431360704710e000e0014b01380e
:10d654005860704710e000e0014b58687047c046be
:10d6640010e000e0014b98687047c04610e000e00d
:10d6740000487047006cdc0270b50e4c6668236885
:10d68400db0715d50c4b5843a368002810d00021a4
:10d6940004e09b1ac9181300884209d9a2689a4267
:10d6a400f7d9751cad1aeb18c91813008842f5d8c0
:10d6b40070bdc04610e000e080bb000070b50e4ca9
:10d6c40066682368db0715d5430018180001a368b2
:10d6d40010d0002104e09b1ac9181300884209d90c
:10d6e400a2689a42f7d9751cad1aeb18c918130031
:10d6f4008842f5d870bdc04610e000e0024b1868bf
:0cd70400c003c00f7047c04610e000e0fa
:020000040000fa
:10d7100001211e4a10b513780b43137053785bb286
:10d72000002bfbdb1a4b1021936180232020022465
:10d730005b02d361174bd360174b197219751c54d8
:10d740000c3019540c3019540c3019540c30195435
:10d750000c3019540c3019540c3019540c30195425
:10d760000c3019540a340c301c540c3019540c3041
:10d7700019540c301954022113780b431370034ac7
:10d7800053785bb2002bfbdb10bdc0460018004095
:10d790000902000004100000f41600200123834059
:10d7a000014ad3607047c0460018004001238340ff
:10d7b000014a93607047c04600180040430070b5ae
:10d7c0001b18044d9b00ec18267a864201d1595152
:10d7d000626070bdf416002070b500240f4d02e0a9
:10d7e0000134102c18d063001b199b00ea18107a22
:10d7f000e1b28842f4d10126a640094909690e42e6
:10d80000eed0e958002902d05068eb589847044bf5
:10d8100001341e61102ce6d170bdc046f416002004
:04d8200000180040ac
:020000040000fa
:10d82400f7b504000d00160000291bdc01d18a287d
:10d8340018d822000323443a921023420dd1013a0e
:10d84400023b002e0cd1334b463c5c43324b5a43d3
:10d85400a4182000e11703b0f0bd002ef3d000237c
:10d864003360f0e7002e01d1019601ae2000c821fb
:10d874006438490000f054fc64225242d317a418bf
:10d884005d41c8220700520000232000290001f056
:10d89400abfa002a1ed10123110033606123182042
:10d8a4005f4350433f1830681b4a381a401800231e
:10d8b400c11701f001fb174a06000f0000232000e6
:10d8c400290001f0f9fa801979410027134e8019d3
:10d8d4007941c0e7c72a10dd2c23ff339a4209ddc2
:10d8e4002d3a293bff3aff3b002a0cd1110032604c
:10d8f4001a00d3e7c83a0223f6e7632a02dd643a42
:10d904000123f1e7002303209108024050424241e1
:10d914003260ede78033e1018051010000956e38fb
:020000040000fa
:10d92400f237000046380000463800004238000054
:10d93400323800003238000010390000d4380000ba
:10d944002e390000d4380000d4380000b839000063
:10d95400d4380000d4380000d4380000d438000093
:10d96400d4380000d4380000d4380000a4380000b3
:10d97400d43800001e3a0000d4380000d438000027
:10d98400d4380000d4380000d4380000d438000063
:10d99400d4380000883a0000d4380000d43800009d
:10d9a400d4380000d4380000d4380000d438000043
:10d9b400d4380000d4380000d4380000d438000033
:10d9c400d4380000d4380000d4380000d438000023
:10d9d400a43a0000d4380000c83a0000d43800004b
:10d9e400d4380000ec3a0000d4380000d4380000e9
:10d9f400de38000005030106feff000102030b0fe1
:10da04000a0e090d080c8081828384858687c046ae
:020000040000fa
:10da140010b501f069fc012001f062fc002010bd8a
:10da24000020704710b5f9f7a3fc10bd0020704723
:10da340010b5f9f723fd10bd10b5f9f733fd10bd8e
:10da440010b5f9f73ffd10bdf8b54746ce46134b68
:10da540080b51c880b1a083ca4b20700894616003e
:10da640005009846944206d312e0e31b5b19361b6b
:10da74002d19b4420bd24346220059192800f9f754
:10da840031fd0028f1d00cbc90469946f8bd99446c
:10da9400b2b249462800f9f725fdf4e78c1b0020b3
:10daa400f8b54746ce46134b80b51c880b1a083c84
:10dab400a4b207008946160005009846944206d38e
:10dac40012e0e31b5b19361b2d19b4420bd24346fb
:10dad400220059192800f9f757fd0028f1d00cbc91
:10dae40090469946f8bd9944b2b249462800f9f7e0
:08daf4004bfdf4e78c1b002040
:020000040000fa
:10dafc00f0b5060085b00f0015001c008b4265d8f0
:10db0c0001d1824262d82100280001f0d3fd3900f6
:10db1c000090300001f0cefd009b21001b1a1a0072
:10db2c002800039301f0bafd00900191019bbb42c8
:10db3c0046d802d1009bb34242d8009b019c039a69
:10db4c0001200021f61aa74101f0a8fd039b002b30
:10db5c002fd0019b009adb0754081c43019b5d08e6
:10db6c00039b9c46bd422ed801d1b4422bd8320027
:10db7c003b00121bab41012692185b410027b618e3
:10db8c005f4101235b429c446346002bead1801920
:10db9c007941039a04000d003000390001f072fd48
:10dbac00039a06000f0001f079fd241a8d41200024
:10dbbc0029000a9b002b01d01e605f6005b0f0bdf0
:10dbcc0000200021c2e7b6197f41dae700200021ce
:02dbdc00efe771
:020000040000fa
:02dbde0070478e
:020000040000fa
:10dbe00000238021234a9361938c8b439384703963
:10dbf000d3681942fcd0204b1b689b0e3f2b35d0bd
:10dc000080229b029200134310211a4a9362d36828
:10dc10001942fcd00223938410221649cb681a4281
:10dc2000fcd0164a164b536053785bb2002bfbdbdb
:10dc3000144b5360144b9360104a53785bb2002b23
:10dc4000fbdb124b5380124b5380124b5380124b11
:10dc50005380124b5380124b53805f22114b9a61b9
:10dc6000114a1a620022034b1a627047fc23db013f
:10dc7000cae7c0460008004024608000000c004055
:10dc8000000701000107010001030000054000003a
:10dc90001440000016400000194000001b41000025
:0cdca0001c41000000040040941801002a
:020000040000fa
:10dcac006cdd0000020000005cdd000000000000e4
:10dcbc00010000002810004228100042cc16002061
:10dccc000100000034dd00002cdd000024dd00002c
:10dcdc00040000003c1600200cdd0000f0dc00000d
:10dcec00130000004dd2000089d10000a1d100002a
:10dcfc00b9d1000009d2000039d20000d9d10000fe
:10dd0c000100000006000000000000000000000000
:10dd1c0000000000000000000000001000000000e7
:10dd2c0000000000000000200000000001000000c6
:10dd3c00ffffffffffffffffffffffffffffffffe7
:10dd4c00ffffffffffffffffffffffffffffffffd7
:10dd5c00f19c0000d99d0000c59d0000919d000024
:0cdd6c000000000040420f00ff0000001b
:020000040000fa
:10dd7800f0b40125ed070c005c402c40a446ae0a27
:10dd88004c18df18f4423dd2f74245d2640d4cd00e
:10dd98007f0d3cd0e41bc9022943cf0adb022b4389
:10dda800db0a0600b61a9f4104d2013cb6197f412e
:10ddb800b6185f416812800d241838dd00188442b7
:10ddc80025d8e80c0021b6197f41b61a9f4103d324
:10ddd80040414941f7d304e0b6185f410018494172
:10dde800f1d32405b6197f41b61a9f4105d33743ad
:10ddf800c20717430022012f504161416246114377
:10de0800f0bc70470cd100280ad1f74208d2002094
:10de1800c143490d0905f1e7002a01d1f74206d0af
:10de28000020c143090dc904eae77f0df8d000209e
:04de38006146e5e773
:020000040000fa
:10de3c00f8b5de4657464e4645469346e0b5002ab1
:10de4c0053d00f2b51d90b680427994613004a461f
:10de5c00d4b2002c10d130225e1c1a70012f3bd092
:10de6c002e2232704a46120a91464a46013fd4b2db
:10de7c00731cffb2002ceed01e00032364259a46bf
:10de8c0000230a212800984600f016fbc0b2a542d8
:10de9c001dd83023641b0133e4b2dbb2a542f9d99f
:10deac00302b14d0337043460133dbb29846013625
:10debc0001235b429c46e24453460500002bcdd027
:10decc000a21280000f0f8fac0b2a542e1d9434675
:10dedc00002bedd03023e5e70023584633703cbcd3
:10deec0090469946a246ab46f8bd0020f7e7c046df
:020000040000fa
:10defc0010b588293cd015dc81294dd003dc802954
:10df0c004ad0002010bd822911d08429f9d119687a
:10df1c00002a26d00a1d1a6000228b5e0360db17d4
:10df2c00436011e0a02930d010dc9029e9d11968a8
:10df3c000724002a2ed00919a1430a0008321a60be
:10df4c000b684c68036044600120dbe7c02901d0fa
:10df5c00f029d6d11a68111d1960136803600023cb
:10df6c00dee70c1d1c600b689bb203604260ebe7a4
:10df7c001968002a04d00a1d1a600023cb56cde77d
:10df8c000c1d1c600b68dbb2efe71a68111d1960e1
:10df9c001368c3e70731cfe71968002a03d00a1dbd
:0edfac001a600b68bae70c1d1c600b68dde7fd
:020000040000fa
:02dfba007047ae
:020000040000fa
:10dfbc004b005b0d264af0b55c1e944238d8254abe
:10dfcc009e1825d4332e22dc234a9b1827d4234aaf
:10dfdc00da400700214b9743f3403c000f0002400e
:10dfec009f4319403d000a430fd0002f0dda202328
:10dffc005b42f11824d480204003c84002008021e9
:10e00c004903f1400b00a4185d4120002900f0bd2c
:10e01c000020002901db0021f9e71149f7e7202254
:10e02c000e4b921b934001225242f2401a43d0e70e
:10e03c00002becd10022c90fcb0710001900e6e72a
:10e04c0020218020891b400388400200d7e7c0466e
:10e05c00fd07000001fcffffe1fbffffffff0f00ce
:04e06c000000f0bf01
:020000040000fa
:10e07000f0b54b6889b005930b6807009c46079381
:10e08000cb680c008e68049310685168cd0f44d0a3
:10e090000b000200002150429941059b002b08db38
:10e0a0000222634693430793002d02d1079b5a0730
:10e0b0002ad5731e07aa02920a22009301920b002e
:10e0c0000200200000f041fb002d02d1079b5a07ff
:10e0d0001ed501382d23002d00d1023b049a135484
:10e0e00023695a1e049b121a1918079b38000093c3
:10e0f000330000f0edfa7b68db0503d563689842d6
:10e1000000da180009b0f0bd1b07db0ff31ad1e7e6
:10e110001b07e5d501382023e0e7059b002bbfda7c
:02e12000c4e752
:020000040000fa
:02e12200704744
:020000040000fa
:10e12400002941d010b4041c4c40a4460123002211
:10e13400002900d54942002800d5404288422cd30a
:10e1440001242407a14204d2814202d209011b0105
:10e15400f8e7e400a14204d2814202d249005b0004
:10e16400f8e7884201d3401a1a434c08a04202d36c
:10e17400001b5c0822438c08a04202d3001b9c08ad
:10e184002243cc08a04202d3001bdc08224300280f
:10e1940003d01b0901d00909e3e7101c6446002cd5
:10e1a40000d5404210bc704701b5002001f064fb6b
:10e1b40002bdc0460029f7d003b5fff7b3ff0ebc7c
:08e1c4004243891a1847c046c6
:020000040000fa
:10e1cc0049502061646472657373206973202573f0
:10e1dc000d0a0000436f6e6e65637465640d00007c
:10e1ec004661696c656420746f20636f6e6e656345
:10e1fc00740d0000446973636f6e6e6563746564bf
:10e20c000d0000000d0000003d3d3d3d3d3d3d3d00
:10e21c003d3d3d3d3d3d3d3d3d3d3d3d3d3d3d3d22
:10e22c003d3d3d0d0000000057494e4320554450e4
:10e23c0020436c69656e74204578616d706c650d5a
:10e24c00000000003139322e3136382e312e31009b
:10e25c004d6963726f6368697044656d6f417000de
:020000040000fa
:10e26c00f0b54669046985b00500f7170b2c12d977
:10e27c000c212000fff750ff0c2101902000fff72c
:10e28c0095ff0c1e03da019b0c34013b0193019aa0
:10e29c00d317b6185f4103aa30003900fff7bcfa58
:10e2ac0006000f002000039901f06ef90200c3175d
:10e2bc00b6185f41eb68114a581ec117002300f0d5
:10e2cc00f7fde122ab6836184f411201d917a86847
:10e2dc00002300f0edfd6b6836184f413c22d91736
:10e2ec006868002300f0e4fd2c6880197941220055
:10e2fc00e3178018594105b0f0bdc04680510100ac
:020000040000fa
:10e30c000023f0b59c46002700213f0a435ccdb2a8
:10e31c002e2b07d0002b05d001310429f6d1002774
:10e32c003800f0bd002dfad00478012d29d0302c06
:10e33c00f5d0013dedb22300303b092befd8451948
:10e34c0001000023edb204e02200303a0131092a29
:10e35c00e5d898001b185b001b19303bceb29bb262
:10e36c00881c4c78ae42efd1ff2bd8d81b061f432c
:10e37c006346002c07d0032bd1d00133dbb29c4673
:10e38c00c2e70025d7e7033b5a4253415b421f408b
:04e39c00c6e7c046ca
:020000040000fa
:10e3a000f0b5d6464f464646c0b5824682b00f1eef
:10e3b000904635d0002a33d004221c496846f9f72c
:10e3c00057fb041e1dd16b461b789946202b2ad87b
:10e3d000002b16d00025164e082231006846f9f7aa
:10e3e00047fb00281ad16b461b88534510d16b465a
:10e3f0009b7842461b033b606b460024db781b0383
:10e400001360200002b01cbc90469946a246f0bda5
:10e410000135edb20836a945ded1f2e70400f0e798
:10e420000f246442ede70c246442eae74810000040
:04e430004c1000008c
:020000040000fa
:10e4340006221e4b70b55a601d4b00211b681868dc
:10e4440001f0a4f91b4b00211b68186801f09ef928
:10e45400fef766fafff7c2fbfbf72cfcfef790fc15
:10e46400fdf7e0f9fff7c4f8fbf72af8fcf768fbbf
:10e47400fff74cf9fff72cf8fef766fe0e4c002070
:10e484002100f5f711fd21000c4d08312860002012
:10e49400f6f790fb210068603c310020f7f74efe50
:10e4a400a86000f08bf9fef77fff70bd00400041cb
:10e4b4009c1a0020801b0020acdc000030160020d9
:020000040000fa
:10e4c400002934d00123002210b488422cd3012423
:10e4d4002407a14204d2814202d209011b01f8e7b8
:10e4e400e400a14204d2814202d249005b00f8e771
:10e4f400884201d3401a1a434c08a04202d3001b9d
:10e504005c0822438c08a04202d3001b9c082243cf
:10e51400cc08a04202d3001bdc082243002803d00d
:10e524001b0901d00909e3e7101c10bc704701b5b1
:10e53400002001f0a1f902bd0029f8d003b5fff7ce
:0ce54400c1ff0ebc4243891a1847c046b4
:020000040000fa
:10e55000f0b51600050002278369426987b002936f
:10e56000d31a03939b1904910596019302ac3a00c8
:10e570002100286800f0a6ff019b984208d1ab68f3
:10e58000ea68ab619a18aa626b61300007b0f0bd0f
:10e5900000280cda102200236968ab620a43ab61e1
:10e5a0006b616a60022f12d06368f61aede7019b77
:10e5b0001b1a01936368984202d9c01a0834013fbc
:10e5c00023681b1823606368181a6060cfe71e0079
:02e5d000dbe787
:020000040000fa
:02e5d200704790
:020000040000fa
:10e5d4001e4bf0b51c68231e0dd00022210015002f
:10e5e40013000f68bc460f6984450bd1002a06d07e
:10e5f40017610b0010331800f0bd3900f1e7134b1d
:10e604001f60f6e7844504d9002b1ad01e68b44570
:10e6140017d30a00002ff0d1002becd01f001a688a
:10e624001969121a1037102a05d9186038180161af
:10e634000100103a02609c4206d1044b19603b0071
:10e64400d9e715000b00e4e72961f8e78c1a0020ec
:020000040000fa
:10e65400f8b5846a05000f001600002c0ad0ab6ad6
:10e664006a699b1ab3420cd2320039002800fff7c2
:10e674006dff05e000f0d8ff03002000002beed072
:10e68400f8bd002ef0d02b0034331b785bb2002b86
:10e694001adb3400dbb2621eb95c994212d122004b
:10e6a40039002800fff752ffa042e9d33f19341b79
:10e6b40022003900686901f02df86b6930001c19db
:0ce6c4006c61dde7141ee6d13400f1e7c4
:020000040000fa
:10e6d000f0b51d00012389b014000e9a06001a40ff
:10e6e0000391029201d1a5420ad822000399300079
:10e6f00000f0e4fca54203d82500280009b0f0bdd5
:10e700002f1b01973a00102f00d91022202104a8b6
:10e7100001f00cf8019b0f2b0ed80f2204a93a40f0
:10e72000300000f0cbfc029b002be6d122000399c5
:10e73000300000f0c3fce0e7102204a9300000f034
:0ae74000bdfc019b103b0193e4e7d0
:020000040000fa
:10e74a00f7b5040019000a9fe368666800933b68fe
:10e75a00100001932369013b1c00002e00da0126f8
:10e76a000022009dea5435000123002c03dc002b13
:10e77a001cd02000febd02000a4309d1002d07dc8f
:10e78a00089a921b5219002af1dd019a9207eed5d6
:10e79a00099b099adb1700f02efc8c460099013c74
:10e7aa00130030320a55013d6146dee710233a680c
:06e7ba009a433a60dde71e
:020000040000fa
:10e7c000002308210a4a10b513700a4b99611b6a8d
:10e7d0005b0701d401235370fef792faff23002256
:10e7e000ff210020fef7a2fafef7b4fa10bdc046e2
:10e7f0006c1a00200044004110b50d4c2378012b09
:10e8000005d0022b02d16378002b0dd110bd6378a7
:10e81000002bfbd000210020f5f7bafc6060fdf76b
:10e820009bfd02232370f1e76068fdf7b1fdede782
:04e830006c1a00203e
:020000040000fa
:10e8340010b5fef703fe10bd10b5fef703fe10bdc4
:10e8440010b5fef709fe10bd70b505000024fef7f3
:10e85400f9fd002d0ddb1f2208492a400c68012315
:10e86400d4401c40934080228b50bff34f8fbff3a2
:10e874006f8ffef7f1fd200070bdc04600e100e09f
:10e88400002907d0002805db1f2318401e3b8340c6
:0ce89400014a13607047c04600e100e03c
:020000040000fa
:10e8a00010b584291fd007dc812915d0822922d0f8
:10e8b000802911d0002010bd90291cd008dc8829a7
:10e8c000f8d119680c1d1c600b6803601a7010e009
:10e8d000a02901d0c029edd119680c1d1c600b685e
:10e8e00003601a6005e019680c1d1c600b6803606a
:10e8f0001a800120dfe719680c1d1c600b6803609b
:08e900001a60d2175a60f4e717
:020000040000fa
:10e9080037b5164d04002b68002b0fd000f04efed3
:10e91800019001a800f0dcfe0f230f309843019905
:10e9280000f072fe00280cd000232b60002c00d1d0
:10e9380001340f230f349c4304d10c222000084bd0
:10e948001a603ebd042c00d204242000fff73efece
:10e958000028f6d0031f1c60f3e7c046881b002080
:04e96800901a0020e1
:020000040000fa
:10e96c007fb51600c2680d0013000091591e8b4133
:10e97c00f31a01938368040003926946022200682b
:10e98c00029300f085fd002808dc182208230240c1
:10e99c005340626813436360060010e0019b83429e
:10e9ac00fad2a268c01ae3681018e2632064002b44
:10e9bc0005d0531ce3631378ad19013d2b70300067
:04e9cc0004b070bd66
:020000040000fa
:10e9d000c9b270b50322040000290ad100f034fe48
:10e9e0002418200070bd2378002bfad08b42f8d079
:10e9f00001341442f7d10b48484322680a4e1500ef
:10ea0000931945409343aa19aa431343074a134253
:10ea100006d02378002be4d08b42e2d00134f8e713
:10ea20000434eae701010101fffefefe80808080e0
:020000040000fa
:10ea300000230e4a10b513600d4a13600d4a13608f
:10ea40000d4a13600d4a13600d4a5362136101337e
:10ea5000936000f0bffefff764fb0a4c0a4b9c4238
:10ea600000d310bd08cc9847f8e7c046941a0020a0
:10ea70000419002000190020f8180020fc180020bc
:0cea800008190020bc000000c0000000cd
:020000040000fa
:10ea8c0070b504000d00002801d1002070bd436852
:10ea9c009b0607d543698269934215d80023a3626c
:10eaac00a3616361e16b236c994204d2c91a012200
:10eabc00206800f0dffe00232364e3639d42e4d072
:10eacc00206800f0c5fee1e70022c36a11009847f8
:0ceadc006369002be2d101204042d7e723
:020000040000fa
:10eae800f0b50b680c008f68cd68496887b00600e0
:10eaf8000593002902db02218b43059305a953687e
:10eb0800126802910a21009701912000fff719fe6f
:10eb1800236929185a1e059b121a009330003b00de
:10eb2800fff7d2fd7368db0503d56368984200da06
:06eb3800180007b0f0bd5b
:020000040000fa
:02eb3e0070471e
:020000040000fa
:10eb4000f0b50f0087b0039015001049072204a804
:10eb50001c0000f0e1fdbb687e6802933f68002d59
:10eb600000d104ad002c03d1280000f06dfd04009d
:10eb7000002e02dbb44200d934000097029b220031
:10eb800029000398fff7a4fd07b0f0bd54f800007a
:020000040000fa
:10eb900070b5040016001d00022a1cd043689b06b5
:10eba00019d4002908d1002d01d18025ed002800bd
:10ebb0000830fff7a9fe010020236268a16013431b
:10ebc00063602300e5603433ff22012e00d10a2266
:10ebd0001a70024be362002070bdc04655e600008b
:020000040000fa
:10ebe00070b5104c05002368002b0cd0002d12daf4
:10ebf0000d4b22681b68d31a6a42934208db2068d7
:10ec00004519256006e000f053fb2368002bedd189
:10ec10000120404270bd054b22681b689b1aab4225
:10ec2000eddaf5e7481a0020501a00204c1a0020af
:020000040000fa
:10ec300037b56b46dd1d836a04002970002b0cd0ac
:10ec40006369a26a93420fd3e36a0122290020007c
:10ec50009847012805d1287805e000f0e7fc002856
:10ec6000eed0012040423ebd220034321278287896
:0eec700052b29042e8d05a1c62611870f3e76d
:020000040000fa
:10ec8000200000003f0000007d000000fa000000ae
:10ec9000f4010000e80300008813000010270000c2
:10eca000204e0000409c00008038010000710200ee
:10ecb00000e2040000c40900d007000000000100c9
:0cecc00001010101010101010101c04638
:020000040000fa
:10eccc0010b5064c2378002b07d1054b002b02d036
:10ecdc00044800e000bf0123237010bd181a002067
:10ecec000000000000000000044b10b5002b03d006
:10ecfc000349044800e000bf10bdc04600000000fe
:08ed0c001c1a002000000000a9
:020000040000fa
:10ed140010b500230c00002808d1002a06d00121d8
:10ed24002000fcf747f80028f9d00123180010bd93
:10ed340070b50d001400012801d0200070bd210021
:10ed44002800fbf7e3ff0028f7d121002800fbf798
:08ed5400ddff0028f3d0f0e719
:020000040000fa
:10ed5c0010b50a4b98470a4b984700f003fa094b39
:10ed6c00ff229343084a9360084b9847084b9847f7
:10ed7c00084b9847faf75efefee7c046dfdb000063
:10ed8c00dfdb00000000000000ed00e031ea0000d5
:08ed9c00dfdb0000dfdb0000fb
:020000040000fa
:10eda40030b58db00500fff75ffa0400002910d1db
:10edb4000b4b01aa09910a910b93fcf7d5ff00288c
:10edc40007db2c2201a9280000f0a4fc20000db0d0
:10edd40030bd4f220124034b64421a60f6e7c0465b
:08ede40076f80000901a0020ef
:020000040000fa
:10edec00002b15d1002a13d1002906db01dc0028e9
:10edfc0006d00020c043410802e080210906002013
:10ee0c0007b4024801a14018029003bd650a000036
:10ee1c0003b4684601b5029800f02afa019b9e469d
:08ee2c0002b00cbc7047c046a7
:020000040000fa
:10ee340070b5c5b2280016000c00faf763fc04494b
:10ee44003443014021432800faf766fc70bdc046f4
:10ee5400fff3ffff70b5c4b220000d00faf752fcb7
:10ee64000349014029432000faf756fc70bdc0460f
:04ee7400fffcffffa1
:020000040000fa
:10ee780030b401256d054c00e54215d85c00e5422b
:10ee880012d80c001c436400044314430fd005d26d
:10ee980082428b418041013030bc70479042994199
:10eea8008041013030bc7047002030bc70470120e1
:04eeb80030bc7047b3
:020000040000fa
:10eebc00f7b597b201933b00140c86b2050c734363
:10eecc006f4366436543f6191c0ca4199c46a74274
:10eedc0002d980235b02ed186346260c75192404b5
:10eeec009eb2019ba4194343200051435b1959184e
:04eefc0003b0f0bdb2
:020000040000fa
:10ef000080219423014ac900d15070470044004138
:10ef100080219823014ac900d15070470044004124
:10ef200080219823014a0901d150704700440041d3
:10ef300080219423014a0901d150704700440041c7
:020000040000fa
:10ef4000f2c10000eec10000eac10000e6c100000d
:10ef5000dec10000dec10000dec10000c8c100004b
:10ef600098c2000090c20000a4c20000a0c200002d
:10ef700072c2000072c2000072c200005cc20000d7
:020000040000fa
:10ef800070b5002817d001000c4e10393468002ce1
:10ef900012d00d6823684019844206d122691033cb
:10efa0005b190a610b60316005e01033e218914291
:10efb00002d1eb18236070bd0c61f4e78c1a0020bd
:020000040000fa
:10efc000030010b51a78202a0dd011000939042940
:10efd00009d900212b2a02d02d2a01d10131013378
:10efe00000200a2404e00133ece760430133801a77
:10eff0001a78303a092af8d9002900d1404210bdc8
:020000040000fa
:10f00000002b11d1002a0fd1002900d1002802d0f5
:10f010000021c943081c07b4024802a1401802900d
:10f0200003bdc0465908000003b4684601b5029804
:10f03000fef764fd019b9e4602b00cbc7047c046c3
:020000040000fa
:10f0400030b401256d054c00e54215d85c00e54261
:10f0500012d80c001c436400044314430cd005d2a6
:10f0600082428b418041404230bc7047904299417e
:0ef070008041404230bc7047002030bc7047e9
:020000040000fa
:10f07e0030b401256d054c00e54215d85c00e54223
:10f08e0012d80c001c436400044314430cd005d268
:10f09e00904299418041404230bc704782428b4140
:0ef0ae008041404230bc7047002030bc7047ab
:020000040000fa
:10f0bc00436870b50400d80512d52569954200d96e
:10f0cc001500002d0bd02a00606900f01ffb22698f
:10f0dc0063695b19551b0022636125611a7070bd51
:0cf0ec00db06fcd4200000f039fbf8e744
:020000040000fa
:10f0f8000b00496810b50200890603d4190000f016
:10f108004ff810bd190034310978c0b249b28142b4
:10f1180007d059699c6aa14203d24c1c5c610a70f1
:0cf12800efe711001800fff77ffdeae799
:020000040000fa
:10f134001c2101231b04984201d3000c10391b0a23
:10f14400984201d3000a08391b09984201d30009e7
:10f15400043902a2105c40187047c046040302023e
:0cf164000101010100000000000000009b
:020000040000fa
:10f1700010b50b480168002905d14368002b02d166
:10f18000fef71bff10bd04008368064a9bb20c34d7
:10f190009b009b5842682000984780002018e9e7b0
:08f1a0002cb1000004f700008f
:020000040000fa
:10f1a80013b50b006a46d41d5a68c1b22170d20546
:10f1b80005d55a69c0b2541c5c61117016bd012294
:10f1c8002100180000f0ccfa002801d02078f5e7db
:06f1d80001204042f2e7b5
:020000040000fa
:10f1de00f4464a1805d200f0c7f801d5c01740080a
:10f1ee00604701235b05d34206d200f0bdf801d57e
:10f1fe000120c0074042604701d10042f5d0d01730
:04f20e0040087047fd
:020000040000fa
:10f21400f0b5050000200a4a4400a65c002e02d185
:10f2240012195078f0bd296801300f78c0b2b74286
:10f2340003d112190131507829600a28ebd9f1e77a
:04f24400eef60000e2
:020000040000fa
:10f2480070b500250c000a0000682900fcf78afd4b
:10f25800a84205da4f222c00044b1a60200070bd2a
:10f26800034b25626562a362f8e7c046901a002046
:04f2780072f8000028
:020000040000fa
:10f27c00f7b516001f0000900191fdf7f9ff04008f
:10f28c000d0002000b0030003900fff711fe009a50
:10f29c00019b121a8b41089920000a604b602900cf
:04f2ac0003b0f0bdfe
:020000040000fa
:10f2b000074b1a68002a01d1064a1a60064a1168eb
:10f2c000002901d1054911601a68054b1a60704781
:10f2d000501a0020901b00204c1a0020901d002086
:04f2e000481a0020a8
:020000040000fa
:10f2e40010b500f001f910bd10b5fff71ffefff7d0
:10f2f40005fe642000f0f8f8fff710fe0a2000f085
:10f30400f3f8fff703fe0a2000f0eef810bdc04644
:020000040000fa
:10f314000000000080de280080c84d0000a77600b1
:10f3240000349e008012c700809fee00007e17010b
:10f33400805c400180e9670100c890010055b80174
:020000040000fa
:10f3440070b4012676054c005d00e6420cd8ee420e
:10f354000ad825430543154303d0994204d190426a
:0ef3640002d1012070bc7047002070bc7047c1
:020000040000fa
:10f372004a0010d2520d03231b02ff33d21a0ad4c1
:10f3820052421f3209d4400dc90208430123db0750
:0ef392001843d040704700207047d0177047d6
:020000040000fa
:10f3a00070b5140016000a004e430d00511e8a412c
:10f3b0005242144001003200180000f0d5f9864294
:0ef3c00003d02900fff77ef80400200070bd86
:020000040000fa
:10f3ce00002380290fdb812901dd83290bd1072141
:10f3de00136807338b431900083111601a685b6894
:0af3ee00026043600123180070471d
:020000040000fa
:10f3f800020000234832d356591e0b4313700423ce
:10f408004268134005d01023134343600120404253
:0af4180070470364c3631800fae7ad
:020000040000fa
:10f4240010b5ccb2020004492000fef7c5f9200053
:10f43400fef7b2f910bdc0464545000010b5c0b294
:08f44400fef7b2f910bdc0464d
:020000040000fa
:10f44c000000000008000000100000001800000080
:10f45c0020000000280000003000000038000000f0
:08f46c0040000000ffffffff5c
:020000040000fa
:10f4740010b5084c2368196800f048f801230028e7
:10f4840005db23680a20196800f0daf9c30f584233
:08f4940010bdc046801b0020e2
:020000040000fa
:10f49c00f7b5002507000c002e000192019b9e423f
:10f4ac0001db2800febd626821683800fff72cfce8
:08f4bc0001362d180834f1e7b8
:020000040000fa
:10f4c400f7b5002507000c002e000192019b9e4217
:10f4d40001db2800febd626821683800fff728fcc4
:08f4e40001362d180834f1e790
:020000040000fa
:10f4ec00012300b583b05b4201a90193f7f794f9ae
:10f4fc00002804d10198f7f7b7f90028fad003b027
:04f50c0000bdc04638
:020000040000fa
:10f5100070b50e00050000f097f8330004000200fb
:10f5200001212800fff73cff001b431e9841404289
:02f5300070bdac
:020000040000fa
:10f5340054820000248200002c82000034820000e7
:10f544003c820000448200004c8200001c820000c7
:020000040000fa
:10f55400c9b2002a0ad003788b4208d0821802e08c
:10f5640003788b4203d001308242f9d100207047e6
:020000040000fa
:10f574000fb407b5054b04aa1b6802ca18680192a8
:10f5840000f078f803b008bc04b01847801b0020d2
:020000040000fa
:10f59400054b8200d358002903d0012801dd034a1a
:10f5a4009b1818007047c04614f3000080510100f6
:020000040000fa
:10f5b40010b5054c2368002b01d1fff777fe034bf0
:10f5c40018682368c01a10bd481a00204c1a00207d
:020000040000fa
:10f5d400002310b5934206d103201840421e9041e7
:0ef5e4009b08c01810bdc45ccc540133f2e784
:020000040000fa
:10f5f200414370b508000c00fff785f9051e03d0e2
:0cf602002200002100f091f8280070bdeb
:020000040000fa
:10f610000023054a10b514689c4203d110600361b1
:0cf6200001600133180010bd8c1a00209e
:020000040000fa
:10f62c0010b50400fff7e2fe002805d1a368e268dc
:0af63c00a36163619b18a36210bd77
:020000040000fa
:10f648000378002b06d0030001331a78002afbd177
:08f65800181a70470020fce7be
:020000040000fa
:10f6600070b50a000c0000210500fff773ff0028a9
:08f6700000d0441b200070bd16
:020000040000fa
:10f6780013b50400019201aafbf7b2f86368db0630
:08f6880001d50120404216bd2e
:020000040000fa
:10f69000d0400b1cd1409c46203ad34018435242e4
:08f6a0006346934018437047d4
:020000040000fa
:10f6a8009140031c90409c46203a93401943524293
:08f6b8006346d340194370477b
:020000040000fa
:10f6c00010b5002903d1fff735fd203002e0081cfa
:08f6d000fff730fd10bdc0463c
:020000040000fa
:10f6d800006810b5002801da002010bdfff77cfa99
:06f6e800431cfad1f8e713
:020000040000fa
:10f6ee0068076c094c836a9074a07ac000806888a1
:06f6fe0000846c82008113
:020000040000fa
:10f70400a3f70000d5f5000063f8000063f80000db
:04f7140063f8000096
:020000040000fa
:10f7180010b5002a05d00023cc5cc45401339342b1
:04f72800fad110bd45
:020000040000fa
:10f72c00002a06d00300c9b2821819700133934223
:04f73c00fbd1704746
:020000040000fa
:10f7400010b50c00fff744f90378e4b2a34200d0ef
:04f75000002010bdc8
:020000040000fa
:10f7540010b500f079f8024b1860586010bdc0462f
:04f76400741a0020f3
:020000040000fa
:10f76800c36a10b5002b01d0984710bd0068fff799
:04f77800ddfafae7d5
:020000040000fa
:10f77c0003000a7818001a7001310133002af8d1fd
:04f78c007047c046bc
:020000040000fa
:10f790004a424a41802310b55200db00fff7f8f9d6
:02f7a00010bd9a
:020000040000fa
:10f7a2008a18914201d10020704700230b70013169
:02f7b200f7e777
:020000040000fa
:10f7b400494e4600696e66004e414e006e616e0011
:020000040000fa
:10f7c40010b50249fff73efd10bdc0467819002070
:020000040000fa
:10f7d40010b5fff7bdfffef7fafefef7f8fe10bd09
:020000040000fa
:10f7e40010b5fcf72fff029a039bfcf7abfb10bd8f
:020000040000fa
:0ef7f4000300413b192b01d820231843704716
:020000040000fa
:0cf802001f1e1f1e1f1f1e1f1e1f1f1d8c
:020000040000fa
:0cf80e0010b50400fff7b3ff200010bd90
:020000040000fa
:0af81a0010b50068fff789fa10bd71
:020000040000fa
:08f82400fee7c046fee7c04606
:020000040000fa
:08f82c0010b5fef7e3ff10bd6b
:020000040000fa
:08f83400322e302e3300c046d5
:020000040000fa
:08f83c00286e696c290025000b
:020000040000fa
:08f8440010b5fff757fc10bde1
:020000040000fa
:08f84c0000487047041b002076
:020000040000fa
:07f85400286e756c6c2900a1
:020000040000fa
:01f85b0000ac
:020000040000fa
:06f85c000120404270474c
:020000040000fa
:04f8620000207047cb
:020000040000fa
:04f8660000207047c7
:020000040000fa
:04f86a0000207047c3
:020000040000fa
:04f86e0000207047bf
:020000040000fa
:04f87200474d5400aa
:020000040000fa
:04f87600474d5400a6
:020000040000fa
:04f87c007047c046cb
:020000040000fa
:04f8800000207047ad
:020000040000fa
:0200000400807a
:0440000077c700d8a6
:020000040000fa
:0200000400807a
:044004005c00ffff5e
:00000001FF
